gid,gambut_ha,gambut_fraksi
IDN.1.2_1,23930.71650964687,0.08469319407059211
IDN.1.1_1,2473.740237747516,0.01300247495866061
IDN.1.3_1,0.0,0.0
IDN.1.4_1,4571.252837132295,0.01176953340877631
IDN.1.5_1,48836.71827814446,0.11526040232805901
IDN.1.6_1,23738.41615852781,0.12363033838287125
IDN.1.7_1,0.0,0.0
IDN.1.8_1,0.0,0.0
IDN.1.9_1,0.0,0.0
IDN.1.10_1,0.0,0.0
IDN.1.11_1,0.0,0.0
IDN.1.12_1,0.0,0.0
IDN.1.13_1,0.0,0.0
IDN.1.14_1,0.0,0.0
IDN.1.15_1,0.0,0.0
IDN.1.16_1,0.0,0.0
IDN.1.17_1,0.0,0.0
IDN.1.18_1,42450.63515054629,0.12346947666438747
IDN.1.20_1,0.0,0.0
IDN.1.19_1,0.0,0.0
IDN.1.21_1,0.0,0.0
IDN.1.22_1,0.0,0.0
IDN.1.23_1,3927.526711787974,0.03393486529166106
IDN.2.1_1,0.0,0.0
IDN.2.2_1,0.0,0.0
IDN.2.3_1,0.0,0.0
IDN.2.4_1,0.0,0.0
IDN.2.5_1,0.0,0.0
IDN.2.6_1,0.0,0.0
IDN.2.7_1,0.0,0.0
IDN.2.8_1,0.0,0.0
IDN.2.9_1,0.0,0.0
IDN.3.4_1,473.6416326539059,0.0015417496560609846
IDN.3.1_1,3811.70757007356,0.013126738082515061
IDN.3.2_1,3881.9879420374896,0.01068217150641622
IDN.3.3_1,15442.352555941152,0.06923666879461554
IDN.3.6_1,0.0,0.0
IDN.3.5_1,714.7465418182478,0.00278971058478331
IDN.3.7_1,0.0,0.0
IDN.4.1_1,0.0,0.0
IDN.4.2_1,0.0,0.0
IDN.4.3_1,0.0,0.0
IDN.4.4_1,0.0,0.0
IDN.4.5_1,0.0,0.0
IDN.4.6_1,0.0,0.0
IDN.4.8_1,0.0,0.0
IDN.4.7_1,0.0,0.0
IDN.5.4_1,0.0,0.0
IDN.5.1_1,0.0,0.0
IDN.5.2_1,0.0,0.0
IDN.5.3_1,0.0,0.0
IDN.5.5_1,0.0,0.0
IDN.5.6_1,0.0,0.0
IDN.5.7_1,0.0,0.0
IDN.5.8_1,6264.572196611252,0.014644124780907456
IDN.5.9_1,0.0,0.0
IDN.5.10_1,0.0,0.0
IDN.6.1_1,0.0,0.0
IDN.6.2_1,0.0,0.0
IDN.6.3_1,0.0,0.0
IDN.6.5_1,0.0,0.0
IDN.6.4_1,0.0,0.0
IDN.6.6_1,0.0,0.0
IDN.6.7_1,0.0,0.0
IDN.7.1_1,0.0,0.0
IDN.7.2_1,0.0,0.0
IDN.7.3_1,0.0,0.0
IDN.7.4_1,0.0,0.0
IDN.7.5_1,0.0,0.0
IDN.7.6_1,0.0,0.0
IDN.8.1_1,0.0,0.0
IDN.8.2_1,0.0,0.0
IDN.8.3_1,0.0,0.0
IDN.8.4_1,4202.8736435119645,0.012299198588068784
IDN.8.5_1,1095.9816128019445,0.0014708730238741062
IDN.8.6_1,189704.4234511261,0.34239673138320287
IDN.8.7_1,30355.925550584117,0.05151377741601453
IDN.8.8_1,578.8773354669264,0.01631084677609145
IDN.8.9_1,110629.029038218,0.2230656962696752
IDN.8.10_1,153330.26657174778,0.30833829146112274
IDN.8.11_1,197.2475346170843,0.00031737914811771423
IDN.9.2_1,0.0,0.0
IDN.9.1_1,0.0,0.0
IDN.9.3_1,0.0,0.0
IDN.9.4_1,0.0,0.0
IDN.9.5_1,0.0,0.0
IDN.9.6_1,0.0,0.0
IDN.9.7_1,0.0,0.0
IDN.9.8_1,0.0,0.0
IDN.9.9_1,0.0,0.0
IDN.9.10_1,0.0,0.0
IDN.9.11_1,0.0,0.0
IDN.9.12_1,0.0,0.0
IDN.9.13_1,0.0,0.0
IDN.9.14_1,0.0,0.0
IDN.9.15_1,0.0,0.0
IDN.9.16_1,0.0,0.0
IDN.9.17_1,0.0,0.0
IDN.9.18_1,0.0,0.0
IDN.9.19_1,0.0,0.0
IDN.9.20_1,0.0,0.0
IDN.9.21_1,0.0,0.0
IDN.9.22_1,0.0,0.0
IDN.9.23_1,0.0,0.0
IDN.9.24_1,0.0,0.0
IDN.9.25_1,0.0,0.0
IDN.9.26_1,0.0,0.0
IDN.10.1_1,0.0,0.0
IDN.10.2_1,0.0,0.0
IDN.10.3_1,0.0,0.0
IDN.10.4_1,0.0,0.0
IDN.10.5_1,0.0,0.0
IDN.10.6_1,0.0,0.0
IDN.10.7_1,0.0,0.0
IDN.10.8_1,0.0,0.0
IDN.10.9_1,0.0,0.0
IDN.10.10_1,0.0,0.0
IDN.10.11_1,0.0,0.0
IDN.10.12_1,0.0,0.0
IDN.10.13_1,0.0,0.0
IDN.10.14_1,0.0,0.0
IDN.10.15_1,0.0,0.0
IDN.10.16_1,0.0,0.0
IDN.10.17_1,0.0,0.0
IDN.10.18_1,0.0,0.0
IDN.10.19_1,0.0,0.0
IDN.10.20_1,0.0,0.0
IDN.10.21_1,0.0,0.0
IDN.10.22_1,0.0,0.0
IDN.10.23_1,0.0,0.0
IDN.10.24_1,0.0,0.0
IDN.10.25_1,0.0,0.0
IDN.10.26_1,0.0,0.0
IDN.10.27_1,0.0,0.0
IDN.10.28_1,0.0,0.0
IDN.10.29_1,0.0,0.0
IDN.10.30_1,0.0,0.0
IDN.10.31_1,0.0,0.0
IDN.10.32_1,0.0,0.0
IDN.10.33_1,0.0,0.0
IDN.10.35_1,0.0,0.0
IDN.10.36_1,0.0,0.0
IDN.11.1_1,0.0,0.0
IDN.11.2_1,0.0,0.0
IDN.11.3_1,0.0,0.0
IDN.11.4_1,0.0,0.0
IDN.11.5_1,0.0,0.0
IDN.11.6_1,0.0,0.0
IDN.11.7_1,0.0,0.0
IDN.11.8_1,0.0,0.0
IDN.11.9_1,0.0,0.0
IDN.11.10_1,0.0,0.0
IDN.11.11_1,0.0,0.0
IDN.11.12_1,0.0,0.0
IDN.11.13_1,0.0,0.0
IDN.11.14_1,0.0,0.0
IDN.11.15_1,0.0,0.0
IDN.11.16_1,0.0,0.0
IDN.11.17_1,0.0,0.0
IDN.11.18_1,0.0,0.0
IDN.11.19_1,0.0,0.0
IDN.11.20_1,0.0,0.0
IDN.11.21_1,0.0,0.0
IDN.11.22_1,0.0,0.0
IDN.11.23_1,0.0,0.0
IDN.11.24_1,0.0,0.0
IDN.11.25_1,0.0,0.0
IDN.11.26_1,0.0,0.0
IDN.11.27_1,0.0,0.0
IDN.11.28_1,0.0,0.0
IDN.11.29_1,0.0,0.0
IDN.11.30_1,0.0,0.0
IDN.11.31_1,0.0,0.0
IDN.11.32_1,0.0,0.0
IDN.11.33_1,0.0,0.0
IDN.11.34_1,0.0,0.0
IDN.11.35_1,0.0,0.0
IDN.11.36_1,0.0,0.0
IDN.11.37_1,0.0,0.0
IDN.11.38_1,0.0,0.0
IDN.12.1_1,30252.381057345367,0.053736603080815674
IDN.12.2_1,244173.1306161445,0.07865368280156555
IDN.12.3_1,132131.08752515668,0.28499486531914714
IDN.12.4_1,261272.708776481,0.08747507821101258
IDN.12.5_1,4303.5655180525455,0.39547820532287303
IDN.12.6_1,515393.5569979219,0.5972924023933698
IDN.12.7_1,43600.46431762313,0.05259299788267098
IDN.12.8_1,5680.5208547236425,0.005661194836919582
IDN.12.9_1,72099.70347832156,0.3580881755115281
IDN.12.10_1,58066.92890042286,0.09969433364663761
IDN.12.11_1,99415.41481529736,0.07771077793089506
IDN.12.12_1,10294.712191974764,0.017984878109148957
IDN.12.13_1,3955.576711656947,0.0872458197556314
IDN.12.14_1,65732.36370864959,0.029243629023845755
IDN.13.1_1,2522.051580087205,0.013242205408650462
IDN.13.3_1,2378.592800556596,0.0051791944525485505
IDN.13.2_1,0.0,0.0
IDN.13.4_1,0.0,0.0
IDN.13.5_1,0.0,0.0
IDN.13.6_1,2262.5626792109333,0.013258830515688944
IDN.13.7_1,1481.7902570695703,0.00871136450742717
IDN.13.8_1,20348.114726988577,0.21718925258809046
IDN.13.9_1,0.0,0.0
IDN.13.10_1,9366.28159851501,0.02539170360607868
IDN.13.11_1,0.0,0.0
IDN.13.12_1,0.0,0.0
IDN.13.13_1,7567.093948426415,0.034496940302978944
IDN.14.1_1,145654.26588574494,0.22642136670543977
IDN.14.2_1,27427.309635697897,0.09091504966993046
IDN.14.3_1,0.0,0.0
IDN.14.4_1,0.0,0.0
IDN.14.5_1,303700.5469351988,0.17484634063462617
IDN.14.6_1,565768.5126757957,0.29005619047419445
IDN.14.7_1,257892.80736691543,0.3061134170384608
IDN.14.8_1,275227.77356167,0.17454340897155385
IDN.14.9_1,567.4440697236604,0.0007707291549968351
IDN.14.10_1,0.0,0.0
IDN.14.11_1,115584.75184339315,0.4421589783604255
IDN.14.12_1,583408.1448228676,0.5974405973830559
IDN.14.13_1,223574.7519275211,0.13382602175156452
IDN.14.14_1,49801.13642068545,0.15090785343900923
IDN.34.1_1,0.0,0.0
IDN.34.2_1,13708.429222667815,0.006190657404762701
IDN.34.3_1,0.0,0.0
IDN.34.5_1,24592.681700819263,0.0076816989695641475
IDN.34.6_1,141374.38267315438,0.055906504130360385
IDN.34.7_1,1900.9224878902603,0.0006014752325815032
IDN.34.10_1,0.0,0.0
IDN.34.11_1,0.0,0.0
IDN.34.12_1,0.0,0.0
IDN.35.4,0.0,0.0
IDN.35.8,0.0,0.0
IDN.35.9,115484.64590309486,0.08162151394408694
IDN.35.13,97929.92607942552,0.3452642511899034
IDN.35.14,3215.5865865918304,0.13114257611649338
IDN.16.1_1,0.0,0.0
IDN.16.2_1,0.0,0.0
IDN.16.3_1,3592.288924627867,0.03899016154119679
IDN.16.4_1,0.0,0.0
IDN.16.5_1,0.0,0.0
IDN.16.6_1,0.0,0.0
IDN.16.7_1,0.0,0.0
IDN.17.1_1,0.0,0.0
IDN.17.2_1,0.0,0.0
IDN.17.3_1,0.0,0.0
IDN.17.4_1,0.0,0.0
IDN.17.5_1,0.0,0.0
IDN.17.6_1,0.0,0.0
IDN.17.7_1,21276.10784578186,0.09738749730649199
IDN.17.8_1,0.0,0.0
IDN.17.9_1,0.0,0.0
IDN.17.10_1,0.0,0.0
IDN.17.11_1,0.0,0.0
IDN.17.12_1,0.0,0.0
IDN.17.13_1,207.85907915546372,0.0006689538808967114
IDN.17.14_1,0.0,0.0
IDN.19.1_1,0.0,0.0
IDN.19.3_1,0.0,0.0
IDN.19.2_1,0.0,0.0
IDN.19.4_1,0.0,0.0
IDN.19.5_1,0.0,0.0
IDN.19.6_1,0.0,0.0
IDN.19.8_1,0.0,0.0
IDN.19.7_1,0.0,0.0
IDN.19.9_1,0.0,0.0
IDN.19.10_1,0.0,0.0
IDN.19.11_1,0.0,0.0
IDN.18.1_1,0.0,0.0
IDN.18.2_1,0.0,0.0
IDN.18.3_1,0.0,0.0
IDN.18.4_1,0.0,0.0
IDN.18.5_1,0.0,0.0
IDN.18.6_1,0.0,0.0
IDN.18.7_1,0.0,0.0
IDN.18.8_1,0.0,0.0
IDN.18.9_1,0.0,0.0
IDN.20.1_1,0.0,0.0
IDN.20.2_1,0.0,0.0
IDN.20.3_1,0.0,0.0
IDN.20.4_1,0.0,0.0
IDN.20.5_1,0.0,0.0
IDN.20.6_1,0.0,0.0
IDN.20.7_1,0.0,0.0
IDN.20.8_1,0.0,0.0
IDN.20.10_1,0.0,0.0
IDN.20.9_1,0.0,0.0
IDN.21.1_1,0.0,0.0
IDN.21.2_1,0.0,0.0
IDN.21.3_1,0.0,0.0
IDN.21.4_1,0.0,0.0
IDN.21.5_1,0.0,0.0
IDN.21.6_1,0.0,0.0
IDN.21.7_1,0.0,0.0
IDN.21.10_1,0.0,0.0
IDN.21.8_1,0.0,0.0
IDN.21.9_1,0.0,0.0
IDN.21.11_1,0.0,0.0
IDN.21.12_1,0.0,0.0
IDN.21.13_1,0.0,0.0
IDN.21.14_1,0.0,0.0
IDN.21.15_1,0.0,0.0
IDN.21.17_1,0.0,0.0
IDN.21.16_1,0.0,0.0
IDN.21.18_1,0.0,0.0
IDN.21.19_1,0.0,0.0
IDN.21.20_1,0.0,0.0
IDN.21.21_1,0.0,0.0
IDN.23.1_1,300132.9104511264,0.11941965122543298
IDN.23.2_1,0.0,0.0
IDN.23.3_1,123709.12557806344,0.05210740892581747
IDN.23.4_1,1814.530857682557,0.00983145806543045
IDN.23.5_1,3220.90819953708,0.006905870477061853
IDN.23.6_1,1119.980361464453,0.0024080425329477103
IDN.23.7_1,25646.8835610124,0.01779335108471979
IDN.23.8_1,0.0,0.0
IDN.23.9_1,600.2167148364724,0.0006580562567519682
IDN.23.10_1,613.4908850339178,0.00250733759647182
IDN.23.11_1,460.8569889148686,0.00604369152074056
IDN.23.12_1,0.0,0.0
IDN.23.13_1,442552.123923047,0.15243330328345958
IDN.23.14_1,35800.25921926981,0.11548908533753456
IDN.23.15_1,389505.5393037975,0.1501770676666821
IDN.23.16_1,13749.381393167669,0.0031285494112874568
IDN.23.17_1,264013.68736623693,0.14744323547668733
IDN.23.18_1,149908.774751419,0.12165302674992325
IDN.23.19_1,0.0,0.0
IDN.23.20_1,9634.833036763215,0.020369756662266817
IDN.23.21_1,0.0,0.0
IDN.23.23_1,18335.10027966011,0.02291409287438608
IDN.23.22_1,98652.42042183325,0.2222247441615463
IDN.23.24_1,210226.72111773625,0.14909285102629014
IDN.23.25_1,1681.2885683236836,0.024995383032267945
IDN.23.26_1,33324.84415361115,0.09103822201523416
IDN.23.27_1,74637.26598150222,0.06881696307867813
IDN.23.28_1,401.5639098707685,0.0002735381368482014
IDN.23.29_1,16576.542298267916,0.04122239549482325
IDN.22.1_1,26157.623771776725,0.023706898925195053
IDN.22.2_1,86265.34616287949,0.05316873357285646
IDN.22.3_1,0.0,0.0
IDN.22.4_1,736.1033616750423,0.000568961875571822
IDN.22.5_1,1388.526419036897,0.004185216703343693
IDN.22.6_1,1450.3839273083736,0.0018547267973142807
IDN.22.8_1,93838.05414036552,0.11995176164750243
IDN.22.7_1,254573.5954629692,0.44823066487811947
IDN.22.9_1,0.0,0.0
IDN.22.10_1,326129.06089021533,0.1564632159257327
IDN.22.11_1,0.0,0.0
IDN.24.1_1,536291.4438363129,0.627527056373798
IDN.24.2_1,135283.1805850815,0.5930274239980187
IDN.24.3_1,718274.4908948487,0.5326236571659291
IDN.24.4_1,200397.77769751896,0.24673687324121055
IDN.24.5_1,92946.42451525282,0.0860064985884592
IDN.24.6_1,301248.0443852444,0.823953952511442
IDN.24.7_1,0.0,0.0
IDN.24.8_1,5511.351383662669,0.0877286197087587
IDN.24.9_1,710910.0372718292,0.5417233306126589
IDN.24.10_1,382977.69293854304,0.4194417520224674
IDN.24.11_1,80740.1717273693,0.11021567240823835
IDN.24.12_1,384998.7723776948,0.4900115362656164
IDN.25.1_1,0.0,0.0
IDN.25.2_1,0.0,0.0
IDN.25.4_1,8830.888595045632,0.011469341327890202
IDN.25.3_1,7635.402149826805,0.025743918922104314
IDN.25.5_1,0.0,0.0
IDN.26.1_1,0.0,0.0
IDN.26.2_1,0.0,0.0
IDN.26.3_1,0.0,0.0
IDN.26.4_1,0.0,0.0
IDN.26.5_1,0.0,0.0
IDN.26.6_1,0.0,0.0
IDN.26.7_1,0.0,0.0
IDN.26.8_1,0.0,0.0
IDN.26.11_1,0.0,0.0
IDN.26.9_1,0.0,0.0
IDN.26.10_1,0.0,0.0
IDN.26.12_1,0.0,0.0
IDN.26.13_1,0.0,0.0
IDN.26.14_1,0.0,0.0
IDN.26.15_1,0.0,0.0
IDN.26.16_1,0.0,0.0
IDN.26.17_1,0.0,0.0
IDN.26.18_1,0.0,0.0
IDN.26.19_1,0.0,0.0
IDN.26.20_1,0.0,0.0
IDN.26.21_1,0.0,0.0
IDN.26.22_1,0.0,0.0
IDN.26.23_1,0.0,0.0
IDN.26.24_1,0.0,0.0
IDN.27.2_1,0.0,0.0
IDN.27.1_1,0.0,0.0
IDN.27.3_1,0.0,0.0
IDN.27.4_1,584.3060448679521,0.0011855193756713858
IDN.27.5_1,6304.367176886164,0.004795089585469225
IDN.27.6_1,0.0,0.0
IDN.27.7_1,0.0,0.0
IDN.27.8_1,0.0,0.0
IDN.27.9_1,0.0,0.0
IDN.27.10_1,209.32670029071667,0.00038684365254450676
IDN.27.11_1,1050.3790415448643,0.002911803062569139
IDN.28.1_1,0.0,0.0
IDN.28.2_1,0.0,0.0
IDN.28.4_1,0.0,0.0
IDN.28.3_1,0.0,0.0
IDN.28.5_1,0.0,0.0
IDN.28.7_1,0.0,0.0
IDN.28.6_1,0.0,0.0
IDN.28.10_1,0.0,0.0
IDN.28.8_1,0.0,0.0
IDN.28.9_1,0.0,0.0
IDN.28.11_1,0.0,0.0
IDN.28.12_1,0.0,0.0
IDN.29.1_1,0.0,0.0
IDN.29.5_1,0.0,0.0
IDN.29.2_1,0.0,0.0
IDN.29.3_1,0.0,0.0
IDN.29.4_1,0.0,0.0
IDN.29.6_1,0.0,0.0
IDN.29.7_1,0.0,0.0
IDN.29.8_1,0.0,0.0
IDN.29.9_1,0.0,0.0
IDN.29.13_1,0.0,0.0
IDN.29.10_1,0.0,0.0
IDN.29.11_1,0.0,0.0
IDN.29.12_1,0.0,0.0
IDN.29.14_1,0.0,0.0
IDN.29.15_1,0.0,0.0
IDN.30.1_1,11138.7587677363,0.049535698215159275
IDN.30.2_1,0.0,0.0
IDN.30.4_1,0.0,0.0
IDN.30.5_1,0.0,0.0
IDN.30.6_1,0.0,0.0
IDN.30.7_1,0.0,0.0
IDN.30.10_1,0.0,0.0
IDN.30.8_1,0.0,0.0
IDN.30.9_1,0.0,0.0
IDN.30.11_1,0.0,0.0
IDN.30.13_1,0.0,0.0
IDN.30.12_1,34098.13111174724,0.0908039811364207
IDN.30.14_1,0.0,0.0
IDN.30.15_1,79815.33095244573,0.13023824840670994
IDN.30.16_1,0.0,0.0
IDN.30.17_1,0.0,0.0
IDN.30.19_1,0.0,0.0
IDN.30.18_1,0.0,0.0
IDN.30.20_1,0.0,0.0
IDN.31.1_1,191935.43837467028,0.17171826453392525
IDN.31.2_1,0.0,0.0
IDN.31.3_1,0.0,0.0
IDN.31.4_1,0.0,0.0
IDN.31.5_1,47506.94365505774,0.05545509003152578
IDN.31.6_1,239727.17065908105,0.16146886153491824
IDN.31.7_1,37935.122312984146,0.031060243760081735
IDN.31.8_1,0.0,0.0
IDN.31.9_1,598608.8269867621,0.3320663276410457
IDN.31.12_1,0.0,0.0
IDN.31.10_1,0.0,0.0
IDN.31.11_1,0.0,0.0
IDN.31.13_1,0.0,0.0
IDN.31.14_1,0.0,0.0
IDN.31.15_1,0.0,0.0
IDN.32.1_1,28450.41170211967,0.0749661839558447
IDN.32.2_1,0.0,0.0
IDN.32.3_1,0.0,0.0
IDN.32.4_1,0.0,0.0
IDN.32.5_1,0.0,0.0
IDN.32.6_1,2969.396288606546,0.011678233623777897
IDN.32.7_1,0.0,0.0
IDN.32.8_1,0.0,0.0
IDN.32.9_1,0.0,0.0
IDN.32.10_1,0.0,0.0
IDN.32.13_1,108488.01983083058,0.39613072771832697
IDN.32.11_1,41721.96056818482,0.13372145251878495
IDN.32.12_1,76568.09443976663,0.21512777034127636
IDN.32.15_1,0.0,0.0
IDN.32.16_1,29834.00592307882,0.045416892709873
IDN.32.20_1,5662.897701149103,0.06716400652211708
IDN.32.17_1,0.0,0.0
IDN.32.18_1,0.0,0.0
IDN.32.19_1,5951.283636352389,0.04920889903083093
IDN.32.22_1,0.0,0.0
IDN.32.21_1,0.0,0.0
IDN.32.23_1,0.0,0.0
IDN.32.24_1,0.0,0.0
IDN.32.25_1,0.0,0.0
IDN.32.26_1,238.54479910622896,0.0019189278903266455
IDN.32.27_1,0.0,0.0
IDN.32.28_1,0.0,0.0
IDN.32.29_1,0.0,0.0
IDN.32.30_1,18261.797736635577,0.044126512529786326
IDN.32.31_1,11774.693151081216,0.04977669775935068
IDN.32.32_1,0.0,0.0
IDN.32.33_1,0.0,0.0
IDN.32.34_1,0.0,0.0
IDN.33.1_1,0.0,0.0
IDN.33.2_1,0.0,0.0
IDN.33.3_1,0.0,0.0
IDN.33.4_1,0.0,0.0
IDN.33.5_1,0.0,0.0
