GID_2,luas_km2,elevasi_m,lereng_deg,tutupan_pohon_2000,penduduk_2020
IDN.1.2_1,2825.577281888852,271.3080354530852,9.37269311135724,82.09335732943893,114944.79827703966
IDN.1.1_1,1902.5149024415712,614.3828431609656,18.40415188694171,87.53564835245936,90964.452194537
IDN.1.3_1,2919.7797927428655,379.61302138611416,12.355216533857838,61.02473979346793,452186.86456499784
IDN.1.4_1,3883.97116382167,377.3950854255154,13.762670237959304,89.8395485363208,60904.01766219425
IDN.1.5_1,4237.076853084664,573.7158165700662,15.853882427666552,89.18473421607284,193031.65268995333
IDN.1.6_1,1920.112528124951,53.91667721377128,4.298795296799584,76.52083314572846,132373.77062354048
IDN.1.7_1,2184.9286742674803,201.65589583165513,8.82898821207436,70.3344547774438,198111.31050115597
IDN.1.8_1,4727.242393101031,1269.9263443498676,18.661827163760897,81.87497159738203,184096.18730982565
IDN.1.9_1,4200.985602493485,1148.236408519635,21.398955958782782,88.74794094085904,189920.70923842187
IDN.1.10_1,5452.584457696799,343.07397162794393,10.196275918873598,73.05954507599274,294879.9361842068
IDN.1.11_1,2724.081704274163,170.83407577953602,5.78878559510975,60.34164868907908,510511.9615064071
IDN.1.13_1,1937.4351854680147,994.822551661186,16.15323613750366,83.31617273726735,109223.1934630959
IDN.1.14_1,1777.6422662812852,338.4692808510309,10.616509723652932,63.38964677546713,387629.32511196
IDN.1.15_1,5474.574488776178,1476.185048262201,21.685685861660268,88.74874323811112,86787.43930680875
IDN.1.18_1,3438.148139716737,481.35524679587365,11.297565357878112,81.70341352076935,128357.582032243
IDN.1.20_1,2987.995964443924,704.8412651914039,14.272325508137252,75.3298947302692,328951.88901442767
IDN.1.19_1,970.8645359606685,618.6618252925197,14.713487771584687,72.51441340938334,124918.88174261854
IDN.1.22_1,1843.8275325344466,74.9501248139202,9.655719164122658,85.95031097315537,93073.81895883451
IDN.2.1_1,398.2527914261051,278.07582724085347,5.059442402077839,32.32693980711767,749551.6979842567
IDN.2.2_1,524.2619336365743,981.2940265853729,10.241707356742786,57.25236788268972,204122.60229248885
IDN.2.3_1,1323.2921868658816,441.6778445626364,11.884481975270715,61.68283433155025,589843.2366336314
IDN.2.5_1,367.1455860841256,340.8101840526734,4.940130322462212,43.706840185626305,488545.2959925727
IDN.2.6_1,854.0362075076964,272.7511883821886,11.771966838629547,73.75322785930359,248453.45701040837
IDN.2.7_1,845.3998978198683,534.6294450504423,11.946964943112084,49.60302632388595,373667.15749139246
IDN.2.8_1,316.94092099329055,179.71096128872023,8.837598360774802,21.638478083433355,161429.07642164963
IDN.2.9_1,858.7826221516117,488.5347630140979,8.375434475387848,63.71016148070245,405536.2449424571
IDN.3.4_1,3072.1046753077453,27.1714148027344,2.998942726405506,61.762286458691364,289091.6325983436
IDN.3.1_1,2903.7736154351937,22.666142787881085,2.5538053899577573,68.97683781965131,196891.2499847312
IDN.3.2_1,3634.081272432092,26.87047679265325,2.735671230902256,69.18187730637595,201203.99567959132
IDN.3.3_1,2230.371972653613,33.81761249476663,2.9629258196822117,63.100741233907996,281861.9050471728
IDN.3.6_1,2321.198209158531,29.792971209024525,2.9094208386480434,73.43059119676487,169338.52596662863
IDN.3.5_1,2562.0813345903607,25.482036631320792,2.534388737113145,60.41914887260968,116761.77408205057
IDN.4.4_1,3322.7415840322324,295.31545076603004,9.212653476811203,70.4718277762735,1251087.7401942266
IDN.4.5_1,2790.8952133895236,123.93311008337142,5.396075628999366,64.4498324356145,1094242.3441917717
IDN.4.6_1,1467.7489208737513,100.25872273227311,4.831301113339241,33.56406261677641,1401236.9295230454
IDN.4.8_1,1033.9847724742012,18.955218820393295,1.5452401992412257,4.299226009796104,4016967.3075431483
IDN.5.1_1,1232.4024956726944,320.74775445547033,10.30991123269524,80.70690338260535,139495.8053011798
IDN.5.2_1,1049.3977227602988,215.59040233266933,8.334691853279075,77.82572555641835,83701.95514000827
IDN.5.3_1,4247.202324978885,297.0151319563846,8.480266798493258,78.57778898109417,229928.89666847698
IDN.5.5_1,2543.3892980819805,570.9204560468495,13.23932046399897,86.62170590147629,103305.31012739167
IDN.5.6_1,709.1208574939711,753.4313572528627,9.126565007093324,79.69189952881973,119166.86680259493
IDN.5.7_1,1679.7447103491888,1082.5308667606007,16.74894358846016,87.30942324182502,90376.50073260069
IDN.5.8_1,4277.874089668235,275.4673943544949,9.228983595505964,81.2196488353754,151928.57688092973
IDN.5.9_1,1511.314996901595,759.9853066913113,10.415811711716822,83.53787662982197,223600.1650864471
IDN.5.10_1,2463.95948077076,340.7017010065345,9.834412027674878,78.77052105245016,163173.1503076409
IDN.6.1_1,1852.5234545126214,295.34167995624415,13.397394409955226,69.07411996034256,135147.2631501778
IDN.6.2_1,1913.2979756484483,533.570262587647,18.1435581241242,87.11413043325216,299388.8696447805
IDN.6.3_1,27.181742099582443,4.276120090439803,0.36149179579095087,13.93614175588015,1466.9953664592667
IDN.6.5_1,2142.4518557699894,290.1690082234171,12.045209386009327,55.115061645119816,200266.34577767862
IDN.6.4_1,1713.5243892610335,386.9362477949219,15.986983197891995,76.91640909393715,116265.92257163709
IDN.6.7_1,4380.550949775763,464.30372018903523,14.853229151630957,86.5986174965847,132597.07958868335
IDN.7.6_1,8.586064941721618,7.467988326604821,2.675270097622327,31.35259762483944,9937.68422675016
IDN.8.1_1,5490.0053624159455,60.39596379427002,4.036916208562487,81.25245120663617,223660.8328134708
IDN.8.2_1,4714.005786731078,277.26122063264694,7.874568267746962,79.83581392362021,362299.92597973894
IDN.8.4_1,3417.1930906043676,1247.318833722827,15.184071093135408,85.50720273437345,201776.0337814817
IDN.8.5_1,7451.231989524548,538.3001556246031,10.990909886508488,85.6715882611925,390763.2055865301
IDN.8.6_1,5540.485818447054,26.540735576108194,2.1987584116172396,78.8700411593539,487261.66433199705
IDN.8.7_1,5892.778024301341,170.06759885955208,6.838438201661442,81.71115442234469,268618.51325145084
IDN.8.9_1,4959.481932375342,51.0960796277004,3.5727384310435206,77.67433887073759,294646.815059428
IDN.8.10_1,4972.7935458538595,12.332764394500693,1.3943359604744456,71.87691769462214,200525.16266614498
IDN.8.11_1,6214.886383900881,97.75948649455076,4.534936433133362,81.60470264763421,343646.7434104209
IDN.9.2_1,1762.9548645091686,1217.4485063250092,10.874442427577115,49.22319568345958,2863572.0847059577
IDN.9.1_1,1282.4307585183076,870.3320242715516,11.13010247833362,44.885383434280776,1297192.746301075
IDN.9.4_1,1274.331780922249,17.688531710180378,1.580031850716488,5.9365998149574,3733164.4491765895
IDN.9.5_1,3006.100132962375,426.4052389934245,8.922085133611777,48.39082714393585,5685543.739189503
IDN.9.6_1,2741.2530183720933,287.8512103539194,8.2992454501161,60.83584819380996,1404843.611974811
IDN.9.7_1,3606.9228713427506,592.4876716810546,11.453957662895263,57.363431500117485,2066590.1132968508
IDN.9.9_1,1072.5266860973625,43.1299851523552,2.385452781415657,13.38259672553586,1792260.9573876148
IDN.9.11_1,3102.605457401408,822.3139172598628,13.25578604387357,60.52380226655505,2424201.9096179632
IDN.9.12_1,2097.106388987806,16.292385330539993,1.3043918939849592,4.740346442402734,1499510.3030789318
IDN.9.13_1,1919.170842081942,30.87098687483196,2.2820419793313587,10.380648636985109,2254270.8771314123
IDN.9.20_1,1190.794208498772,440.0880844466325,10.345751720769764,52.07465949831108,908754.7728603653
IDN.9.21_1,1346.2760432850896,371.3698689732474,6.3060341013242525,31.089647186433417,1061871.8671513142
IDN.9.22_1,993.3933315088183,305.80304915323944,7.8170061069160175,38.32460635496399,855593.507045421
IDN.9.23_1,2171.401598242818,191.83444958539945,4.548711447673738,27.679202864223193,1395259.9535288725
IDN.9.24_1,4177.854960255722,475.1884643203741,10.067543766336845,53.09231748083102,2315565.520290769
IDN.9.25_1,1564.2018844608426,519.4675330697848,10.425360680780718,52.957905041388834,1102521.7447072023
IDN.9.26_1,2709.6093934836995,442.72642362838974,10.358225006501648,61.43068764525918,1579860.104572059
IDN.10.1_1,1153.980801552392,653.2323978283085,11.281189518439312,60.346944594216666,763244.6984886471
IDN.10.2_1,1395.3747729867441,268.7112851619469,8.362722522243274,51.42190433418516,1417797.8169717307
IDN.10.3_1,862.8982868218314,473.30916779912855,8.867941178874617,59.03947230948843,742283.3946570694
IDN.10.4_1,1957.7022847330147,114.47433144377749,3.4720801632556206,13.442867530540259,735899.6176288442
IDN.10.5_1,1092.4720423921601,430.83200176112865,5.635589154411575,32.98148332643209,862229.6041105492
IDN.10.6_1,1759.01763640977,210.073256008779,6.450767881633349,30.476908635514974,1522921.892419302
IDN.10.7_1,2355.5058499521,119.65977334312385,6.085078122898885,40.36697317040199,1426786.4410406847
IDN.10.8_1,1003.9750823138692,10.042269788598876,1.2458051790783833,4.956004181583414,972716.1502698704
IDN.10.9_1,2039.0507276672402,73.38707779639864,3.255411505158202,13.20182101601943,1176943.8061850376
IDN.10.10_1,1029.2104848603742,153.7187485008908,6.29791254755691,41.540788005169176,997868.1186279042
IDN.10.11_1,806.6198882800887,516.3609041230154,7.8008025661950855,41.76818477438891,766562.0112263404
IDN.10.12_1,1338.0991833545186,94.98677423398605,6.767799367670092,35.04928652316845,981410.2259840837
IDN.10.13_1,1004.4720622062446,284.9907748551713,6.450902629593714,41.59663355257688,819874.7328480444
IDN.10.14_1,703.6444698799592,229.45003185632723,2.522395395146538,23.771424858773557,1033117.7131425967
IDN.10.19_1,437.8408564657534,133.00643627338195,5.102261861010972,19.536792603849214,729392.5236830841
IDN.10.20_1,1135.7784424861156,653.5652907892875,7.927727148809501,48.642982264537785,1060309.1926930165
IDN.10.21_1,1589.7524180355647,96.03043047940199,3.8763361104197336,13.818645455384205,1048887.618731189
IDN.10.22_1,897.2370335256969,403.93778623370446,10.524874442877588,51.49780225870798,730979.6016215592
IDN.10.23_1,1141.8972673467142,307.58397308709374,6.289918242507349,35.26841326155472,1087610.1540358288
IDN.10.24_1,811.8342520278898,368.3313486377354,8.696596665551287,58.76751042270127,789738.2949871715
IDN.10.25_1,1094.6947052976693,180.6357641030494,7.890518256670786,50.156122117299496,597155.4868546836
IDN.10.26_1,1043.2152785426406,96.3953031073026,4.476453671515255,9.253129982129389,531855.8114895896
IDN.10.28_1,1027.5574818333957,568.1141714545905,8.08457400122256,51.079479880958715,899568.1174177472
IDN.10.29_1,982.1113785390756,118.77898182680315,2.9609192745875266,20.183183760117544,768424.860148458
IDN.10.30_1,495.5811862954512,123.02170004231945,2.6484695684128146,19.438153437473684,790462.3423789949
IDN.10.32_1,998.4844239367762,279.9612903116053,5.308289291963642,28.457421809518717,1208849.7176780568
IDN.10.33_1,876.8624717951593,861.2682234431213,10.181291588802395,48.40354129359655,637742.3975944599
IDN.10.35_1,1931.257024448058,362.19036083394445,8.737376686638004,27.478573787461333,777710.196373417
IDN.10.36_1,998.4589204484605,865.0672813281917,11.534809792210575,62.41704069822401,671642.814332384
IDN.11.1_1,1305.832536745546,53.849925573793605,2.9735859108538927,11.026723723345766,871626.9936871687
IDN.11.2_1,3617.296252368558,330.5602162372193,7.273823928197409,51.78164453657869,1397491.8085015977
IDN.11.4_1,1761.5482208361022,323.6238650851809,6.436544960452855,38.696965081652635,1015734.9296722773
IDN.11.5_1,2322.87580028613,88.25885283783715,3.263280438422333,12.703208117561859,1075246.0185759086
IDN.11.6_1,1561.4454038424685,760.7588694503579,10.229405646987352,41.52117034988447,679106.6409147307
IDN.11.7_1,1236.1356841451009,34.20702247070902,2.9042133393357363,12.688331765839902,1198082.5162230132
IDN.11.8_1,3321.3259361920673,342.3721910612158,8.469753870700465,50.06595732033669,2139577.8322569057
IDN.11.9_1,1124.4712115616253,146.67948930521445,3.9762181172565536,20.789852069326088,1112080.762349518
IDN.11.10_1,1530.012579857553,264.15536322574405,4.703165801729515,32.22361027618163,1366204.1780598548
IDN.11.18_1,1757.2150764483745,36.29676276645224,1.7724476750400233,8.956073343990914,1004380.631816565
IDN.11.19_1,1818.517411262444,486.3858144016444,7.225948010218971,52.628468793370686,893347.1773086448
IDN.11.20_1,1122.4937612486797,231.3243385011408,5.240727144636416,28.962890800459316,586252.4932274574
IDN.11.21_1,704.8275039512876,421.0059911462434,6.102715020186912,23.66382932526436,532831.3195465291
IDN.11.22_1,3469.931492581916,620.9237771646633,9.489366807400026,50.88628665590809,2183779.600639225
IDN.11.23_1,978.6568211894024,326.02452121811746,6.876567012915794,23.66418037573129,986995.1081434768
IDN.11.24_1,1295.9147157791517,217.26662160986737,4.986752609108875,23.294205820700405,919265.4477003503
IDN.11.25_1,1399.6579236230814,187.24791465042208,3.5423362636694176,24.17718646624772,702371.8023759587
IDN.11.26_1,1425.501992754557,407.713750756696,14.017461040229934,49.27190090170062,478434.65438746667
IDN.11.27_1,801.414097780623,100.915391605709,3.9118696902113492,2.1887209922896225,785064.1275429243
IDN.11.28_1,1494.613854792005,494.1061460003233,7.095868305576761,36.080054066100296,1438147.5369411288
IDN.11.29_1,1422.5136154839834,432.16732575330195,10.269493853874344,35.31401086967195,742802.9937820977
IDN.11.30_1,1730.8151283664279,583.0411176004847,9.310629764464007,42.23532783764087,1017465.8950976826
IDN.11.31_1,1229.2951923401922,65.50230321004744,3.4961660665575436,4.811688798347075,879673.0594922827
IDN.11.32_1,723.163407263836,6.30674953056284,0.9715771807170805,9.69621408690001,2093029.2373142897
IDN.11.33_1,1669.1912476210928,304.51518515052214,9.674674357654801,28.753615341600916,592920.727064739
IDN.11.34_1,2087.517103363317,62.33860560627445,3.386902066154014,11.20007328445524,915381.4812773862
IDN.11.36_1,1252.9428846406886,373.3605674984574,13.404791594871156,50.892116799945505,601339.3778387471
IDN.11.37_1,1986.983387671388,90.48148394331305,3.269842404880216,6.850172537942174,1008441.4604880868
IDN.11.38_1,1156.14940908762,248.5632824082956,7.449552208011073,33.744097682930246,909599.7372521644
IDN.12.1_1,5629.753152027145,146.5476252999083,7.121934947201882,85.45891708843578,240086.64347534504
IDN.12.2_1,31044.081080369248,320.7684697478995,11.609728061919707,90.17364132819823,235140.3529161595
IDN.12.3_1,4636.2620385174905,61.00092960825496,4.586889480731862,90.32598980016563,97404.77225566882
IDN.12.4_1,29868.24523279916,99.20482717459416,5.98984323923453,80.32235845868924,452564.0460707318
IDN.12.6_1,8628.831623049673,13.682325719735498,1.7050612089012112,85.21225846302579,705249.961590089
IDN.12.7_1,8290.165244980108,133.89403536730552,7.327152344383613,83.380251680274,325670.4172790053
IDN.12.8_1,10034.137701246433,237.62001220020775,10.486869214325793,80.8505891460979,200122.3339650405
IDN.12.9_1,2013.4622813313313,27.90190945621456,3.3378568617143958,82.4630302010112,228682.12122274545
IDN.12.10_1,5824.496415838303,37.124976807615084,3.263327276456612,72.65062847745699,627346.9805120818
IDN.12.11_1,12793.002137194317,79.73906224289665,5.84103048426376,76.85413974582795,403340.97298295924
IDN.12.12_1,5724.093390845844,117.8587462533585,6.295025993904544,76.10299317163619,182058.7673371561
IDN.12.14_1,22477.49882719764,235.72002792927069,7.6399128317042235,83.51016329182666,232961.75839582278
IDN.13.1_1,1904.5555496667314,222.82248419871823,8.998351628967045,83.03723954744966,106067.62241909857
IDN.13.3_1,4592.592192374918,138.36444392773024,6.606335542187365,58.38778309993354,565749.7182392264
IDN.13.5_1,2406.47764860053,6.148927054554657,0.9918486182464784,41.27932744422645,285540.64041832054
IDN.13.6_1,1706.457199625323,110.14805661358557,4.666161433466402,45.65982739483584,197560.1868095619
IDN.13.7_1,1700.9852541541795,282.6689652729527,9.21343027998338,69.5895270851634,228708.92979954445
IDN.13.8_1,936.884053170887,8.327458978064973,1.1242699349992031,36.0992876787964,181171.0021313762
IDN.13.9_1,9208.100298590904,116.65778177938768,5.943190832904708,76.90531064437333,338904.0209149763
IDN.13.10_1,3688.7172849137846,183.72587666957355,8.129565253114299,84.04477415079775,255257.59642919543
IDN.13.11_1,4886.676930446061,110.85832302376997,5.730610152044945,68.56499398161641,338156.4379846722
IDN.13.12_1,3871.082816341345,57.58629486658419,3.9192938405104214,36.6749841714337,341196.0496741973
IDN.13.13_1,2193.555104298038,42.07781241382204,2.6810982110975625,51.56846969333137,200497.82282834427
IDN.14.1_1,6432.8852000629495,44.7268250678994,2.6714776075229127,79.59158603921335,157335.36020446906
IDN.14.2_1,3016.8063192258583,53.66603652858468,3.4288638149298762,78.75085474604295,112229.774508386
IDN.14.3_1,9964.192302400712,111.54753889337425,5.219598520672289,89.75446924994036,104734.30100594406
IDN.14.4_1,10151.182378017513,179.80098380982162,7.293612954127034,89.76999580296832,162071.7872439963
IDN.14.5_1,17369.56837831896,64.70641182142168,3.0582808550808793,82.73213940224764,256708.8593684437
IDN.14.6_1,19505.479671054658,123.20753118323168,5.001442315427674,88.38642658106085,147984.33748118
IDN.14.7_1,8424.746940592715,33.73855352368044,2.8430295967863897,73.58930645963606,243577.75027599832
IDN.14.8_1,15768.442657523958,58.12642742524121,3.7847924326848608,76.75439385321332,382847.29789932544
IDN.14.9_1,7362.43161485166,142.8063629167014,8.517976294341086,89.8940262473553,109182.48482141177
IDN.14.10_1,24014.825484833233,411.89658364928454,10.251913047295982,94.73009046273869,111758.91702102666
IDN.14.12_1,9765.12388643065,16.927890542737597,1.33682995619627,80.12396508760703,157491.52481258762
IDN.14.13_1,16706.373618620055,91.17441580423362,4.809609210948672,75.11274228168607,208964.04824079952
IDN.14.14_1,3300.102366164331,26.037139643306233,2.2930314969257775,62.63251362061208,50945.82196264458
IDN.34.2_1,22143.737452053825,240.54614867836995,9.397627747493464,92.2478634580795,238263.0684116977
IDN.34.5_1,32014.638686387665,339.8102085823277,9.51954750084078,90.24034663379818,167224.42583521936
IDN.34.6_1,25287.64494798381,215.09637677606028,6.205706129540393,72.8467059055661,763277.3867768267
IDN.34.7_1,31604.335223107882,221.4240228838456,7.83288231835868,83.45416434165072,448229.88106973574
IDN.34.10_1,10636.669872259063,141.6938993945769,6.9705920706757665,82.8975630738385,270054.977801191
IDN.34.11_1,3263.724474296793,85.3389598874688,5.32175572035495,71.57267063265643,170129.5987564228
IDN.16.2_1,1338.0090453589896,19.917383437469564,3.9837744830817026,52.90403191170696,338414.9008027573
IDN.16.3_1,921.332147042344,25.89108260762837,4.486788939105705,67.88397279032878,213641.9930873079
IDN.16.4_1,635.7024584948589,113.75941595430243,14.503948465383905,86.12887290772063,14964.394025611495
IDN.16.5_1,2212.07790846767,54.759848473602744,6.908144581028787,85.50880652830494,76634.89026703991
IDN.16.6_1,1993.8554700605214,43.94839937829597,4.513921405682546,81.27170515338929,58674.20044715812
IDN.17.2_1,5121.795727702677,561.0164229922395,10.951733054143833,82.8939574584861,422916.558540422
IDN.17.3_1,2175.5150484968467,81.68897583297475,4.30342204263873,33.4164007828216,971191.305609241
IDN.17.4_1,4631.0656922124135,71.74240566302686,2.6854923041013303,16.903271813065082,1408066.1102833329
IDN.17.5_1,3932.892452672101,33.24352348016477,2.0355703262523104,33.30561218269819,883120.0757144376
IDN.17.6_1,2563.4876935283287,169.80055905044557,4.686112283600968,48.002837694881684,580279.3752800019
IDN.17.7_1,2184.6857588734406,15.468182646228556,1.4047469967633703,28.46994026817643,106343.31851954783
IDN.17.9_1,1364.4836288805493,265.8316273624077,9.891808555652753,58.26356976222615,506738.8682671486
IDN.17.10_1,606.3038950856494,180.90325021748723,6.2086757550119005,46.132043039206216,323552.63063696283
IDN.17.11_1,2785.993389278936,445.79048601984846,11.874388568092268,76.33852076785436,490696.84154001874
IDN.17.12_1,1311.8869976327871,29.796644373011762,2.0165640426071207,18.87795450583647,195973.23661274108
IDN.17.13_1,3107.2258505599107,13.920510733983052,1.5507136182501062,20.846566917556707,193281.07873945683
IDN.17.14_1,3594.263390054669,126.71215516350053,4.2708303438147075,46.42952357601231,374430.88445217704
IDN.19.3_1,4479.89204312736,539.0728706138012,15.532275440515171,72.46901661897479,128091.22593129882
IDN.19.2_1,4290.729589617323,557.4219776648916,15.570781313491684,80.4009891321001,71983.16890711895
IDN.19.4_1,8159.862708761082,32.33885835537486,2.8462685710552833,87.29895005379295,95061.48150886249
IDN.19.5_1,4568.742786810182,339.5543230350184,14.31644611192854,66.63423111003992,63631.226578900416
IDN.19.6_1,8647.635133066875,405.1706316539849,13.463531528216214,89.72873771177588,432217.0991296093
IDN.19.8_1,1020.6532269593085,143.14950861639824,7.486659074763942,75.05750700320012,55508.3003144693
IDN.19.7_1,4409.928054622006,61.46926405378815,4.3883222266296045,77.85098337891256,93444.38031273609
IDN.19.9_1,4520.325812093069,370.11755224000734,15.12338885791152,90.1773439792394,184095.25934881528
IDN.19.10_1,5888.041566913803,225.4238947755428,8.796568169299897,91.03737855515847,106075.50548404324
IDN.18.1_1,2186.548755800536,270.5187818373728,11.657387893093178,92.16159980194962,159465.8475244616
IDN.18.2_1,8184.230025868079,251.6348358707955,12.90649160482639,92.75406181631223,286012.3329026771
IDN.18.3_1,2274.633019858005,209.57014536368192,11.615696696481884,92.65444817859941,45387.404869734346
IDN.18.4_1,6495.9402182733775,331.98768340942536,13.857181416429551,93.16593483016125,91904.65025746779
IDN.18.5_1,3492.640761898446,237.29420014424653,9.663762837012055,89.52797617490396,224674.12393339866
IDN.18.6_1,4798.805149622958,274.4235685930209,12.453553087553082,90.73305930440648,186494.90573752398
IDN.18.7_1,2352.991079473718,279.476951774383,14.95025760765868,91.32763030060147,76347.67617041686
IDN.20.1_1,4228.676179341389,396.6260026409401,14.534102094934592,39.94199177486728,445901.10713969165
IDN.20.2_1,2292.767639640183,337.2358570119407,11.000589634615501,49.5629432742295,229542.7138007777
IDN.20.4_1,928.7178962090966,230.41542845220735,10.824976671218897,46.78806495629284,603931.1013313949
IDN.20.5_1,1172.0699103556867,281.6829347005371,5.687206798107599,22.128508235492344,821832.3625027541
IDN.20.6_1,1613.646417232448,560.9391857437953,9.787175977888575,35.20652531398661,1115752.1510181995
IDN.20.7_1,815.4196464063017,552.324247773358,11.891431578755544,58.0897580283202,197528.4460717077
IDN.20.10_1,6676.267937909931,317.8704742025818,12.639107997839725,60.92711293633394,422798.8476860781
IDN.20.9_1,1760.2988395837335,296.8747552190432,14.804819650031915,73.60784237744994,116071.52426703797
IDN.21.1_1,2949.757443441037,464.4298111908227,17.078154863220053,55.74712186266729,185902.7242157207
IDN.21.2_1,2242.651597607012,347.0268907164826,7.9915481877031995,24.556894641068954,381979.0485670124
IDN.21.3_1,2077.067852097231,485.6602405729319,17.829832382693333,68.26392959722541,239104.07968424418
IDN.21.4_1,1756.263143067032,295.9010128986277,13.310049725720836,55.50606260101463,230183.6569422807
IDN.21.6_1,5132.001754112569,297.26104113873635,9.234761289798962,39.698822258378414,339292.4066983416
IDN.21.7_1,1264.2738353638736,296.3608071455885,14.140462903595617,42.908208802748945,127770.8536044934
IDN.21.10_1,1346.7086252966394,641.6432153596764,15.916046163923498,64.19166854548001,313589.6124760387
IDN.21.8_1,3150.5444205507592,330.58160371837465,14.193449488889481,53.76368760060005,239304.20479225816
IDN.21.9_1,2411.8172946091836,597.7687575797542,16.0134096796374,63.60807548145608,278455.7655697946
IDN.21.11_1,1447.260176803562,382.9019052934174,13.188975375443853,33.163702419890626,148337.85512958476
IDN.21.12_1,1695.8942787134833,657.459658091727,13.696998945100585,45.150299164380904,145674.44802385516
IDN.21.13_1,1289.6498104840666,85.34112074440785,4.355927910081131,26.560535967313548,123756.9123894533
IDN.21.14_1,462.9245384165295,91.03432269346845,5.764292821380185,6.391850021220048,76758.33768808088
IDN.21.15_1,1701.6420365595866,392.8291328451034,15.58528393346634,55.1532190344508,290525.0891344256
IDN.21.17_1,713.0811573210376,274.66267783534175,8.79789828593488,32.887427440639016,122120.29120977166
IDN.21.16_1,1410.8366727606542,234.57798155259567,6.259467832010038,39.801864958598614,314448.21593135135
IDN.21.18_1,1821.661070482962,343.16957570724543,10.401099043054893,28.771492704583423,70123.43285724916
IDN.21.19_1,7015.40690560516,341.23850193435,10.131284055666258,25.49948917158411,240230.0432093459
IDN.21.20_1,3970.1102059869213,531.1662563546437,10.955461799550017,31.717784179308016,429493.501438331
IDN.21.21_1,2624.1108020979073,435.3829561257562,9.687351161473137,25.427224737018847,227527.7991092581
IDN.23.1_1,25132.62326353258,24.756297625223716,1.9180747181688447,91.20894572457281,89956.66168294247
IDN.23.2_1,2260.0566364415663,119.07327347712946,5.4200434020349775,91.12420554198006,147113.09141272458
IDN.23.3_1,23741.177718926978,71.56754528320528,3.478693573060774,92.94655601318587,97978.72834122814
IDN.23.4_1,1845.6375906874312,1341.441318490726,19.999217475521384,86.05824225066478,186238.0227357818
IDN.23.5_1,4664.014783126132,1520.9902010844582,19.56676006634835,90.75343892221618,149273.4159367085
IDN.23.6_1,4650.9990838636595,1792.5850304705136,23.146281537073417,93.07048248875167,105332.94939496309
IDN.23.7_1,14413.745583335847,305.45353404091986,9.17735651506604,93.73800165473631,214770.46027912362
IDN.23.8_1,2647.819848576547,2515.5559194707753,16.257470860729303,72.34994977140585,140408.00244725816
IDN.23.9_1,9121.054752963219,349.25081048441376,9.155884871196236,94.87645038238458,62139.948883478384
IDN.23.10_1,2446.782140136161,314.4497159418279,15.177105789885248,94.87703707089275,122869.5919542355
IDN.23.12_1,3703.6685027593185,3073.4467181695945,16.67192517149782,71.81526187171946,268931.2574930102
IDN.23.13_1,29032.50893278175,173.86338493217463,6.814930981092518,92.12732661570676,53493.05040306882
IDN.23.14_1,3099.8824793388967,1136.1442754103239,19.071898938735295,91.10411704762828,293018.1722498657
IDN.23.15_1,25936.419278628135,22.73105676720841,2.1897949039783895,82.17767533892659,165156.46338792777
IDN.23.16_1,43948.1036916388,19.38422178434419,2.039199245044709,63.75272134702795,343988.3537431328
IDN.23.17_1,17906.124110249933,393.96409040753844,8.529801479169096,90.49579532108383,710758.7657532942
IDN.23.18_1,12322.650636517237,462.28844080360574,13.089153148829025,95.01934315653259,205380.64476066892
IDN.23.19_1,7002.775497709541,1128.494681323981,18.931833204391978,90.58456976242252,200140.96917569675
IDN.23.20_1,4729.969629244956,2200.1454366036432,20.19005661933505,80.81480354359714,376829.53270464216
IDN.23.21_1,15356.033470405335,1134.1849717816226,18.27959899775036,92.5977830744088,155761.5596929637
IDN.23.23_1,8001.669706137711,1700.4574466771796,18.797628489907588,86.57766383267874,250536.46583282572
IDN.23.22_1,4439.308538482009,1272.9677885130675,19.707965871462736,90.89777564573266,205181.0210470009
IDN.23.24_1,14100.389097842537,230.23530789696133,7.6769286857332935,94.98433883605969,47733.30218861758
IDN.23.25_1,672.6396495517647,218.3170891638971,10.93284369299572,93.92358355550702,15567.944011290561
IDN.23.26_1,3660.533281068982,1456.1452153062405,23.515730454743473,91.00013153481282,225694.25893855002
IDN.23.27_1,10845.76573019791,319.3174308882694,9.48296001979458,96.22108784986581,46388.955320957284
IDN.23.28_1,14680.36283706993,1414.829967938279,18.72831950599037,87.89698353551758,319702.9749503726
IDN.23.29_1,4021.246727485698,960.3484002844399,17.01114916270841,91.50522076155175,289567.5088977596
IDN.22.1_1,11033.760195424424,190.2451155485994,6.203849773209893,91.03105932551412,73002.37634492532
IDN.22.2_1,16224.826202540851,361.6116803870357,10.90771906789036,92.29013904515634,60449.67954228914
IDN.22.4_1,12937.657043105719,1034.432014400458,19.414923260948378,92.18035513476404,322530.2747928882
IDN.22.5_1,3317.6930072164787,290.9266963222827,6.6546950220838585,92.49959833189148,65834.24296597394
IDN.22.6_1,7819.932991794738,149.84282173451345,10.986008858013534,87.62056523879872,46793.56212419685
IDN.22.8_1,7822.982576623072,118.651551505009,5.424948431173052,91.70690622161642,255840.4019647932
IDN.22.7_1,5679.522072239111,52.33448484426666,3.038453163680808,90.49211689507185,73342.7358236431
IDN.22.9_1,6501.115621004235,681.4709298834459,16.423730916798707,95.22077192902407,19660.476428657195
IDN.22.10_1,20843.81680132516,217.5320132705401,6.852583582873209,91.45322422024871,72973.5752003431
IDN.22.11_1,6460.878108915662,368.11864121250767,12.740953713428418,95.4381591508027,59836.578201451775
IDN.24.1_1,8546.108703827122,24.299236255654293,2.108864902642287,79.25846031408554,555931.7520798539
IDN.24.3_1,13485.59120931205,18.967125966709148,1.7383265969965276,76.81082466771754,709837.6086416877
IDN.24.4_1,8121.922559244302,77.41186617056147,4.200196696652711,84.4330521717953,461032.1771789794
IDN.24.5_1,10806.907157097645,107.7248332577112,5.806243298157433,74.82732322980928,1108727.8642437633
IDN.24.6_1,3656.1271836493925,17.106455727023466,1.6649392994018708,86.10758913183648,193852.1505230518
IDN.24.7_1,5315.390159671269,128.60383589169058,5.87393883417222,73.84673093477438,353928.3720329887
IDN.24.9_1,13123.120181437074,35.455016925772064,2.3208419163622884,82.51284123513035,542976.3110728377
IDN.24.10_1,9130.652613668008,22.123911093802004,2.3912021855069447,75.45298076643051,663914.693146292
IDN.24.11_1,7325.652510498514,98.93061894258463,4.588024100830659,70.14833795273698,699956.7795412691
IDN.24.12_1,7856.932824720309,27.80046316561907,2.4438153748761122,77.18057611865142,503524.464675817
IDN.25.1_1,905.4151692821977,462.1633707798644,18.465608434642164,74.45399576752179,164821.57579403397
IDN.25.2_1,2982.526293921863,1305.0625564995316,20.190647761274622,81.27491749909034,167542.61213247097
IDN.25.4_1,7699.560369322519,675.6181805735546,17.134998284079277,86.82469684566112,435097.67230883625
IDN.25.3_1,2965.905141687995,355.5197978734563,11.8269417120052,86.3638187307793,237785.12751872026
IDN.25.5_1,2091.4313277056026,331.50703738477273,14.020505447987109,69.92193036364264,436800.4680834929
IDN.26.1_1,401.15354344376345,516.9589191059658,8.96433872518615,42.30978262579236,163414.94207762455
IDN.26.2_1,1193.4250882181182,306.7976844725937,13.43833162380905,58.02558009585118,156567.82339066503
IDN.26.3_1,4622.879710551139,237.07698744823628,8.166727278552626,38.989448794838424,689550.3316887456
IDN.26.4_1,1170.5863418251474,216.40805365932843,5.433827411175581,44.348136693952334,387249.2409004314
IDN.26.5_1,1832.412084748174,829.2539032464658,17.06040872469054,66.19243134646074,187357.02199133395
IDN.26.6_1,1813.0739645438407,567.2800049871553,11.654207393938188,46.072758489838826,774461.3605674292
IDN.26.7_1,800.1894010983269,154.9697297782293,6.3127184942118655,10.012180049345117,347437.6676284227
IDN.26.8_1,1176.7023987524633,114.51356573268627,8.325654040746059,61.98698361509371,119426.26543882562
IDN.26.11_1,2910.9071750193875,547.2842463963434,15.292306706878213,62.44442234372508,327400.9967635219
IDN.26.9_1,6737.720445632053,623.1730627041557,11.576402963908993,75.21080692359598,253941.3767521042
IDN.26.10_1,7607.801073532994,1167.6301289687842,14.395764776340812,83.88489645983876,310006.44753774174
IDN.26.13_1,1447.3632300925074,354.955785948397,10.468623167083726,52.75240457012628,273795.7099883362
IDN.26.15_1,880.7922098400101,133.9701625028483,8.300545175249502,40.16111534823275,306399.10520580807
IDN.26.17_1,1919.569102779418,353.21541788221555,11.082256789435487,45.429241648295225,341005.7098463518
IDN.26.18_1,1989.6001339498814,335.452140822636,9.850931151742673,47.45998107315269,269770.82349311205
IDN.26.19_1,875.0382013253738,436.88747994819636,11.883063559385752,51.56039647238313,213629.9450008653
IDN.26.20_1,1367.787627714164,274.2620545825148,9.6526402285331,47.402480276462,197685.2533299706
IDN.26.21_1,574.5470020323063,53.79129427760962,3.7408425088274306,15.868975142441776,250565.71028193086
IDN.26.22_1,2031.7495816925089,1188.516815985218,19.144889469975706,58.53562124718915,211408.4251974978
IDN.26.23_1,1244.483920437067,1441.2478577757793,15.8866316372298,63.791355860204035,204733.69163047403
IDN.26.24_1,2514.3474890013395,34.474510967132744,3.054605420537351,20.05609146840615,361298.9706033454
IDN.27.2_1,8404.96536377607,492.661117894384,14.511919049206236,83.62586925903189,317080.7535963131
IDN.27.1_1,3060.9999934270886,265.09831192128274,9.094673718162241,81.39297625981833,170860.4151597177
IDN.27.3_1,3881.7481431877127,471.65594121680607,15.70780489385094,91.14177087647687,147069.28323447058
IDN.27.4_1,4928.692494266883,443.3901701450806,15.66588292582733,88.90733957518651,269638.09453310916
IDN.27.5_1,13147.548266857353,608.2779260132146,14.246039285146699,85.62971166233412,222378.4630240311
IDN.27.7_1,5799.801370446013,497.8215005873573,16.049559121019083,80.50131542450404,419407.0963386887
IDN.27.8_1,7345.908329317048,1023.6544565381109,12.80198692040336,81.27146386049226,272499.83180039073
IDN.27.9_1,5452.737778689535,1061.5690688383006,19.349501951805856,87.03960029449856,339489.9638948354
IDN.27.10_1,5411.144758711879,677.1974124016194,16.593539986412427,86.73112892726375,169018.21791818127
IDN.27.11_1,3607.3148457303114,445.007494715305,16.331704681938838,88.19049117335162,220587.4369371866
IDN.28.2_1,3351.936154451166,183.34755510186315,8.809006431656488,62.91950807874224,204273.67349919595
IDN.28.4_1,3044.694343587625,179.93692079236857,7.436350446014289,71.24439853402652,306036.0724249611
IDN.28.3_1,1687.4465636343593,190.63457778923404,8.800876675895333,90.6029601163673,53017.08355353281
IDN.28.7_1,6761.929605079639,573.3054519588411,13.785898828045896,85.57956654594744,388028.6479224072
IDN.28.6_1,3336.74988664587,782.6728948852132,16.921424897418916,88.2537396973579,178305.30051225968
IDN.28.10_1,5809.358833481393,365.27836812899983,12.990617545769028,83.21919749971586,214763.20718047125
IDN.28.8_1,4270.672365103036,133.75770686060443,7.059123896442055,66.46619565984344,341951.5512287783
IDN.28.9_1,4702.395017652814,446.07207351141057,15.06488981363051,90.06339224395636,44921.28814801532
IDN.28.11_1,2767.188601437233,88.88729174769732,4.206842376702812,66.03267251111086,272491.4510807041
IDN.28.12_1,491.4127170849031,52.006816924764564,4.114726730978713,41.559959998849635,67793.05466419779
IDN.29.5_1,3349.7118083549794,538.5585651990505,15.496805825429165,81.52025032852978,226465.52561852883
IDN.29.2_1,1811.2688746070721,590.7856550389419,17.97231365884988,90.78761185098328,61102.43467807565
IDN.29.3_1,901.649841658715,570.3606011045929,15.54367203930021,83.76167803561927,60828.6483380334
IDN.29.4_1,1628.0543942322138,404.6723597530672,14.887972586935602,85.00027729008954,70713.10608263651
IDN.29.6_1,602.2813706411905,228.64875558180637,14.897760720257853,82.26965401268946,72313.11157096423
IDN.29.7_1,1019.4215715259808,115.84808586830414,10.657562421237959,86.33930325548602,106172.55010751776
IDN.29.13_1,1156.4812544193958,522.1683190453359,9.564024373006022,66.18375911368281,415638.79745917243
IDN.29.10_1,1490.3186132126668,442.5828186296798,12.572486905011479,82.25586918872892,235085.27028682706
IDN.29.11_1,712.966411234441,398.5576565830297,11.616422125283208,83.37767006572847,119490.23920485468
IDN.29.12_1,997.0609175705908,227.84857915823798,9.254221607897707,78.51247448360996,224912.89794074927
IDN.29.14_1,220.93329370536816,287.31964277063577,19.08116280542635,75.52652346763188,54880.94238459709
IDN.30.1_1,2248.6326364786228,601.2791124018187,10.916349765396555,68.81149061716442,463035.50835694483
IDN.30.4_1,3022.2998386754803,206.79203223088524,6.60284666224109,78.2660494075233,216328.01993890424
IDN.30.5_1,6014.846422874647,82.10173813011711,8.118152173537833,93.46100263863967,67725.6870958632
IDN.30.7_1,3284.5321766128004,614.5652366201532,15.468749854380745,81.42064326304929,374328.82017943845
IDN.30.9_1,1358.775424218888,252.67966099342692,9.526908983553218,75.27866333764872,283833.4469080459
IDN.30.13_1,3951.034401423524,737.7294469950406,16.998167923756082,85.55088412622351,291155.8893761438
IDN.30.12_1,3755.136138857107,237.51110871769055,6.976698817332689,71.2388579207629,347575.10897206434
IDN.30.15_1,6128.409428787558,527.2427379162132,13.553784471724676,86.44399995595879,433150.5243356424
IDN.30.17_1,3079.0010877055824,377.66615797501464,14.358926774618915,87.82326262918734,215600.48745472237
IDN.30.19_1,3260.949826617536,1015.547746998736,16.63201330877606,79.35407819147363,349098.4776502318
IDN.30.18_1,3627.0007251119578,675.1079595720112,14.425861315611186,86.97166598928521,141742.37377303693
IDN.30.20_1,1320.7581656916432,774.3347843365372,13.727976041975374,74.11206777087145,315483.09393453726
IDN.31.1_1,11177.345572156702,9.375044444852682,1.4045402083312577,57.45796232572212,514491.78192528244
IDN.31.2_1,2400.6867273037838,573.3526343461331,10.527859818167492,79.42405457103563,190824.26736261477
IDN.31.3_1,4252.541061630994,464.783036941619,8.78124749011683,76.04851364013544,310236.4271530198
IDN.31.5_1,8566.741777544752,217.51196360235585,4.251738472378878,73.83007900920066,804727.2487100823
IDN.31.6_1,14846.65020736764,31.05650378668951,2.387555223949852,73.15369171007029,510565.9074590802
IDN.31.7_1,12213.401351903723,221.34975635280844,6.390800142600053,78.6603304534002,560096.4961543243
IDN.31.8_1,2395.4530898251764,18.318656385028937,1.7125440253136666,46.188963804242924,417031.60478865897
IDN.31.9_1,18026.78492695114,12.620586244207662,1.2129535618341294,56.41085457290762,711401.4141509495
IDN.31.12_1,3883.272177723638,226.07614453557315,6.326167884009619,74.57543620304753,246615.12084717333
IDN.31.10_1,4466.375008747835,626.7939508379458,10.547817923262002,76.81048826958897,292040.40550820116
IDN.31.11_1,3414.5714826716976,64.22608432210008,2.222757033729237,38.28427504442091,645523.8553930505
IDN.32.1_1,3795.0993635846585,155.74000635123653,4.535840434200487,77.43382518644879,643411.0537849164
IDN.32.2_1,917.7465753822088,10.533183595071296,1.5191502004219568,40.220971422751184,360744.12647840026
IDN.32.3_1,2001.9228449187121,968.3013159942018,11.932501542865255,69.71233370207611,258105.3505647927
IDN.32.4_1,2598.129309036941,213.3761932217773,4.825296135976716,46.66482112580282,1969680.2769729774
IDN.32.6_1,2542.675873995702,1056.7017160121188,11.424738370736835,77.14196580455669,184508.92825127585
IDN.32.7_1,2161.2578744743055,1009.428217981622,12.252085098207893,59.265469358885206,370354.6811105618
IDN.32.13_1,2738.6923618803985,27.231673309465684,2.447516275930654,67.7026687575207,346530.42420371564
IDN.32.11_1,3120.06486485957,53.37236961099856,3.4825082437949018,74.17600955964033,260636.28125147976
IDN.32.12_1,3559.19155943,145.0299384995564,6.784833107955138,72.25115464858021,435625.4100096376
IDN.32.15_1,6255.762941189583,331.5128189134033,9.751015000527167,72.01641955516624,912736.674063801
IDN.32.16_1,6568.922738431492,504.490558976594,12.744177555574186,87.7155163279938,390886.7054080221
IDN.32.20_1,843.1447131261166,119.28708612838308,7.028236375159681,75.02124230207983,148070.58212765117
IDN.32.17_1,480.8343605060815,100.46533639337625,6.55432081948874,78.33925389506943,68118.42272713498
IDN.32.18_1,2509.6023270585288,141.3050567826979,7.755039970097553,80.30922198388193,280637.4068929806
IDN.32.19_1,1209.391746932546,64.54145752397673,5.269483607552775,78.8996327832475,100321.05615614272
IDN.32.22_1,3830.8750383880893,312.4860746875777,9.044730678688545,68.09472935671852,173096.1724179582
IDN.32.21_1,3974.954978076418,237.93100646229786,9.055909964427995,58.28879124250841,322582.43215722975
IDN.32.24_1,1327.4933663091758,710.9637535376802,15.769695249729311,89.39979697149751,26304.249703385816
IDN.32.26_1,1243.1149722130685,1400.8904005148345,9.753019382063203,50.32285135851482,83114.76172193339
IDN.32.27_1,1937.9213023491668,61.4043943310387,2.788657419097549,49.39637654929411,557696.2317043508
IDN.32.29_1,4420.726711908684,566.0504089717813,5.716903044876009,63.788133286870355,640565.0600807392
IDN.32.30_1,4138.509184089379,609.6800615251241,13.472342093517275,84.95790707491689,345354.9302325211
IDN.32.31_1,2365.5030729452737,220.53738656469366,10.504342884042737,81.07116922204905,365064.7875851859
IDN.32.32_1,3730.9181479204726,1052.4119351492097,11.048232969586179,73.07618062103398,262621.20598247903
IDN.32.34_1,2154.9691538763177,1045.0147627121437,13.3008693479768,73.88659629156844,145001.0708778126
IDN.33.1_1,517.6512474303682,89.11422446195134,4.781846255602792,27.2889874708748,945341.9923192526
IDN.33.2_1,1480.606624381392,233.80838749348132,6.979857109467777,26.297970245410003,585575.6649220169
IDN.33.4_1,582.3612414534311,170.9729857092907,7.753685336641879,44.20524983871765,320509.192439573
IDN.33.5_1,577.5082215194166,304.157058812045,3.6137371251233685,32.88151386123359,1131338.8140005204
IDN.1.12_1,59.173130864862124,6.0543048278303475,1.39448185031137,3.124279472071347,115276.73347744567
IDN.1.16_1,197.23167992923612,19.937685253141048,2.685193766475971,43.98175589497702,147260.93131322457
IDN.1.17_1,138.75177730988733,20.679050457012433,3.5033674923207005,20.964209565046474,110877.85249212597
IDN.1.21_1,125.29039443032688,143.73936156424588,13.657879200898256,69.29795144976976,32736.520659032078
IDN.1.23_1,1157.3721239297506,129.2522513039998,7.190400918272595,85.36833378653415,67358.71398286599
IDN.2.4_1,125.80689243981523,24.974818947831434,1.4957278943394756,8.573760467924938,949291.3974322763
IDN.3.7_1,109.67245742770677,12.832681788513646,1.9431902289330238,38.11368908373625,164763.00301422045
IDN.4.1_1,164.66322210627706,57.15882733445091,6.825917702032728,18.006428556797527,385814.5635966041
IDN.4.2_1,266.03735406821346,45.082094615885055,2.852950834084803,18.037032048630415,606373.3393512099
IDN.4.3_1,182.1586239754048,14.96080535742457,1.4944979844809376,0.7351413880147133,2021205.315373244
IDN.4.7_1,165.07244981266965,42.29176454557378,2.190416042874896,5.15752955260728,1477458.2411111724
IDN.5.4_1,188.06310266833222,16.102389029141516,2.1697562995876436,30.88011251075996,298590.2407265606
IDN.6.6_1,65.43261925542109,88.90928805631717,9.567635860532228,25.998326912727702,232452.5812637523
IDN.7.1_1,125.40545497934478,7.295329105988096,1.5148370424424584,0.6742985869342617,2344723.0649607014
IDN.7.2_1,47.958228035936116,8.921054637397756,2.3450920394264574,1.2016055057928048,736431.6492337087
IDN.7.3_1,145.4368570362974,32.620289059502674,2.2260588768854985,3.7519121483021642,1957180.0406224118
IDN.7.4_1,185.36236727734308,26.752192711466314,1.8895686635633064,2.312151244526613,2589114.0364520797
IDN.7.5_1,140.79303700526728,3.36981575871911,1.7400408864858223,1.0032696453485725,1564554.1764557252
IDN.8.3_1,172.0131484093135,25.114440628966822,2.225811265188389,31.693222280096933,587617.8861515094
IDN.8.8_1,354.9033004929264,1169.884991698537,17.41464969567598,82.08431439114439,81257.8932583159
IDN.9.3_1,131.14934795092427,56.41548389416158,5.518353807894442,40.5013515003355,169610.36538852993
IDN.9.8_1,41.458112541187944,760.5770550011729,3.4928584053066336,4.923579163570486,564031.7372890732
IDN.9.10_1,200.55379609218153,85.53657569349683,2.5106291343514906,11.369686321294033,2261884.971432995
IDN.9.14_1,168.30661951396,722.5982619652298,2.55514868989327,6.195210075628906,3257115.9611016
IDN.9.15_1,215.05125471936336,31.5227989913735,1.863292137438891,4.260637839668698,2675050.9238950917
IDN.9.16_1,112.21863040857485,258.7932284405273,3.170280603957885,15.506668615742104,1030950.3429338265
IDN.9.17_1,40.48693063671087,18.31697700997503,1.984743700980006,6.51772027895911,388053.9522083431
IDN.9.18_1,49.1901059133754,539.8085768785951,2.985237322723879,18.126551209751696,261361.81094075
IDN.9.19_1,184.73871402088378,361.53167597128504,4.138557245170958,35.65323149016256,611715.5052576684
IDN.10.15_1,18.01219346285589,368.8003412820408,3.8742740828969677,16.79879713783711,138000.56448831756
IDN.10.16_1,46.17608962540723,6.726862783982684,1.1074882062170994,3.9477227207273913,178362.73545395533
IDN.10.17_1,387.8995987923243,110.63069348200702,4.170788150164693,25.30286183476939,1567389.0849662835
IDN.10.18_1,39.120679833184305,3.8126360937249903,1.203616885539952,3.377218222140353,189380.98369758818
IDN.10.27_1,53.37285492195445,628.4417528967161,4.070796135410577,53.60947387889152,161855.34507702096
IDN.10.31_1,46.51880529826153,102.04784499935832,1.6683460560313812,4.621174460152241,292798.00844048144
IDN.11.3_1,197.07740860703788,1384.1431853283882,13.663796750350324,56.577256726756424,178016.50346933026
IDN.11.11_1,33.63886817900526,183.59253192082843,1.4226657744072133,19.125236368521282,123679.66652560516
IDN.11.12_1,69.12001770635389,94.39371297813547,2.4970548025968964,13.609808684496379,252171.37061770385
IDN.11.13_1,34.71525866388097,69.06915452960948,1.2182424582233748,12.573019625019686,162288.48490784774
IDN.11.14_1,110.61578671681418,473.8901907937621,2.4577777843836546,16.915052693379554,879783.5342947427
IDN.11.15_1,20.346247310216,23.661038993135566,1.1225269466307968,6.904586991578566,121432.40586353006
IDN.11.16_1,38.72416507940649,8.154044150751476,1.1511537051182397,17.0671646936761,165897.4183103205
IDN.11.17_1,53.822367424354915,23.905816094797736,1.2761179656203878,23.518589143632056,205877.30676274767
IDN.11.35_1,331.93139608479976,7.554229411206436,1.333400975798765,2.704224703767601,2459616.709163204
IDN.12.5_1,108.81928410034794,4.331591816999519,1.211283745320598,27.3884536797142,356536.5637654288
IDN.12.13_1,453.38294977755976,36.85112620685488,4.36269186106693,66.82347667595275,228984.0667625383
IDN.13.2_1,352.5186312594812,27.63817733720474,2.18402743334672,32.48150546960019,264109.36464058846
IDN.13.4_1,78.92949347678649,6.616075319359613,1.109838589998741,21.000222494382523,565218.5886602477
IDN.14.11_1,2614.099396375354,32.297431081149305,1.62863219241531,84.07841899928188,184645.25374965015
IDN.34.1_1,548.9731815111058,28.565111883352063,4.12716696723645,47.47353754850364,652624.9835387367
IDN.34.3_1,165.72878211563142,22.466883896068026,3.3088761589170907,45.577198295366934,106901.43269691378
IDN.34.12_1,726.928273925936,29.79635099920695,5.036709041493852,45.04700713136899,878737.3272577568
IDN.16.1_1,1036.883968391912,20.710414037970583,4.368852812070107,62.60825477811362,1624863.625921372
IDN.16.7_1,149.25743147454514,11.336924321500918,3.137088745873901,39.983556774799005,58500.91312273097
IDN.17.1_1,176.3924610670806,130.55326581459693,6.1572508268179815,24.86254810244872,937535.0563785639
IDN.17.8_1,78.23162055129113,47.94305027212013,2.183571601372588,5.019187428600482,144180.78025332058
IDN.19.1_1,305.4885913929971,192.5914775344575,13.003915075412698,76.01848928023892,476197.67542967806
IDN.19.11_1,239.684509399576,35.532851738272804,3.415814081910011,59.36262207371243,40003.45550562448
IDN.18.8_1,162.49780880755836,291.44565763695954,15.70715817430685,78.88359352373116,192205.56981947226
IDN.18.9_1,1691.0446060555055,314.54931443327524,14.32674217267168,94.4720133346997,103812.17874516858
IDN.20.3_1,211.92468809650774,240.61011990391344,15.861852362705694,34.759520739366785,115704.53615730994
IDN.20.8_1,60.486834310800845,21.85877697070118,1.3529230403640653,8.093323820434177,434202.78664751997
IDN.21.5_1,157.0787230463769,173.92882865671928,4.257824502601705,13.664255477850292,394015.78282218165
IDN.23.11_1,762.5422100603801,195.36772372461095,8.942135401877826,85.06456448358215,323368.30439311825
IDN.22.3_1,298.1767790004954,103.9774485716726,7.24509210375906,83.03482112376003,168812.34911977564
IDN.24.2_1,2281.229756172853,20.272562677684302,2.488045145443832,81.20213124789689,408781.5675405893
IDN.24.8_1,628.2272993647048,24.8651956804106,2.6931919551824266,39.55378936712188,928627.770867622
IDN.26.12_1,182.96287515322618,7.372852184463677,1.4657776636670425,5.107809883816432,1356116.7727658097
IDN.26.14_1,282.3915366557774,411.3840186778659,15.53381768479396,62.1781792667166,149589.59203386263
IDN.26.16_1,87.92357372624477,122.75346559219831,9.636263490312674,23.29270526554258,126851.51527519886
IDN.27.6_1,389.9854505090411,420.2872868696581,12.960864436492079,48.07451165324638,287770.0903734906
IDN.28.1_1,292.09159803276634,207.00485864579258,8.268280094231574,70.63792318979856,137318.33482040314
IDN.28.5_1,270.1098620234807,69.28118906613702,5.80638132724346,52.5087612491709,378621.77845970157
IDN.29.1_1,319.3377664105692,298.0075192916005,11.306460703297873,76.84853852352043,198846.80719390317
IDN.29.8_1,50.88024815676675,289.4868465065522,4.547487706268111,47.474090735527945,103974.56182415233
IDN.29.9_1,163.7891699549445,79.1753779322429,6.706187996213287,57.86637659958769,342225.9029361344
IDN.29.15_1,147.93169526602776,763.1934161279685,9.53341159556519,63.217194862845666,115480.44253808288
IDN.30.2_1,24.01887433141749,912.4301634913701,6.358540766046914,31.432040032885634,73996.27065046912
IDN.30.6_1,60.878622571636846,651.1418294760252,8.296450940820371,60.77156538543232,46769.324502584415
IDN.30.10_1,689.3562051500105,462.6276787946385,14.763372045961528,68.82345026165832,881754.9143737528
IDN.30.8_1,21.195017504219457,787.6477432128905,9.020475406002896,47.449087325443365,32048.218564554754
IDN.30.11_1,65.59253326823693,21.150025537310324,3.143138000323327,48.980972891794735,72070.8575308685
IDN.30.14_1,75.66746513193834,526.3344933665313,4.081361646655472,38.41253757401707,108253.04599367593
IDN.30.16_1,239.20345488661707,432.0580147851438,14.985812866332635,74.78371506295527,63210.003965651005
IDN.31.4_1,369.80117169627647,137.5048722178206,5.466470671175016,78.20798725579547,145183.9873265261
IDN.31.13_1,593.2239258530789,1193.4822077501785,11.06778215588921,78.62171796431286,138736.81912463508
IDN.31.14_1,360.2315291607615,8.583119409542212,1.546303281872568,19.088462173798444,1366790.7731642178
IDN.31.15_1,408.43810646987515,42.356568829154284,2.5891805839844806,75.3602817225861,147951.91912905494
IDN.32.5_1,313.2902688408412,110.56090213000795,7.5879641513468865,77.41546581986374,113499.16698104548
IDN.32.8_1,94.36516468648216,37.58390423587558,1.3901934826021698,21.50592189865491,277318.74484840286
IDN.32.9_1,284.24041039478556,20.97687700132942,1.1622518485983162,9.459890949177938,1885015.8184790567
IDN.32.10_1,60.818594399034986,4.8250446813803824,1.244471989833983,49.8802710757153,153375.7320686724
IDN.32.23_1,135.3169655170135,416.0606658656571,6.614157137868398,51.75024804229821,121217.626212529
IDN.32.25_1,76.8597277257056,397.0721101871833,2.8476841523546605,24.301699353296044,214737.17728878313
IDN.32.28_1,10.900393402101667,61.44052122496011,10.789696807176696,39.173032602749295,32901.303349442576
IDN.32.33_1,40.039803467253606,22.760379859180862,1.6976342936917135,17.835934406639947,155758.2255328674
IDN.33.3_1,32.94471254152946,105.83234736189885,1.4123743439774972,3.7488785091273065,332996.0632345313
IDN.35.4,13122.655237142357,243.79156179177872,10.423795822407687,88.43326617258846,147730.27956612958
IDN.35.8,40072.27380821771,793.4546907254141,17.35733995847191,95.60342131896414,99487.50744008513
IDN.35.9,14148.799786071735,454.04288123132534,11.215342806075837,91.31725764321304,189386.7196218537
IDN.35.13,2836.3760725856837,36.74918048116,3.6778920177006995,84.76606805212883,20309.871904332133
IDN.35.14,245.1977597066142,33.02786441349848,4.421085370662786,58.68920617707171,266448.92097291275
IDN.9.27_1,58.00724007211451,217.10307193575824,1.123904418467876,5.779989242987475,3943.4317146497647
IDN.10.34_1,30.512055870093413,85.21484649256202,0.4969205483048026,0.9966101450276467,380.96599809422196
IDN.30.3_1,108.28533455582813,363.1462560205491,0.18529068491484826,0.7575205641110898,533.676128741339
IDN.32.14_1,1107.0353762157474,900.3999618234236,0.2757212676527319,0.791966456093919,4633.461953341843
