kabupaten,tipe,bulan,tahun,bulan_ke,titik_panas
Bengkayang,Kabupaten,2012-01,2012,1,3
Bengkayang,Kabupaten,2012-02,2012,2,5
Bengkayang,Kabupaten,2012-03,2012,3,28
Bengkayang,Kabupaten,2012-04,2012,4,33
Bengkayang,Kabupaten,2012-05,2012,5,110
Bengkayang,Kabupaten,2012-06,2012,6,290
Bengkayang,Kabupaten,2012-07,2012,7,55
Bengkayang,Kabupaten,2012-08,2012,8,704
Bengkayang,Kabupaten,2012-09,2012,9,478
Bengkayang,Kabupaten,2012-10,2012,10,113
Bengkayang,Kabupaten,2012-11,2012,11,6
Bengkayang,Kabupaten,2012-12,2012,12,0
Bengkayang,Kabupaten,2013-01,2013,1,17
Bengkayang,Kabupaten,2013-02,2013,2,2
Bengkayang,Kabupaten,2013-03,2013,3,214
Bengkayang,Kabupaten,2013-04,2013,4,43
Bengkayang,Kabupaten,2013-05,2013,5,11
Bengkayang,Kabupaten,2013-06,2013,6,183
Bengkayang,Kabupaten,2013-07,2013,7,120
Bengkayang,Kabupaten,2013-08,2013,8,834
Bengkayang,Kabupaten,2013-09,2013,9,122
Bengkayang,Kabupaten,2013-10,2013,10,47
Bengkayang,Kabupaten,2013-11,2013,11,2
Bengkayang,Kabupaten,2013-12,2013,12,2
Bengkayang,Kabupaten,2014-01,2014,1,144
Bengkayang,Kabupaten,2014-02,2014,2,792
Bengkayang,Kabupaten,2014-03,2014,3,643
Bengkayang,Kabupaten,2014-04,2014,4,48
Bengkayang,Kabupaten,2014-05,2014,5,8
Bengkayang,Kabupaten,2014-06,2014,6,105
Bengkayang,Kabupaten,2014-07,2014,7,841
Bengkayang,Kabupaten,2014-08,2014,8,199
Bengkayang,Kabupaten,2014-09,2014,9,374
Bengkayang,Kabupaten,2014-10,2014,10,15
Bengkayang,Kabupaten,2014-11,2014,11,1
Bengkayang,Kabupaten,2014-12,2014,12,3
Bengkayang,Kabupaten,2015-01,2015,1,0
Bengkayang,Kabupaten,2015-02,2015,2,2
Bengkayang,Kabupaten,2015-03,2015,3,47
Bengkayang,Kabupaten,2015-04,2015,4,16
Bengkayang,Kabupaten,2015-05,2015,5,23
Bengkayang,Kabupaten,2015-06,2015,6,33
Bengkayang,Kabupaten,2015-07,2015,7,137
Bengkayang,Kabupaten,2015-08,2015,8,494
Bengkayang,Kabupaten,2015-09,2015,9,75
Bengkayang,Kabupaten,2015-10,2015,10,7
Bengkayang,Kabupaten,2015-11,2015,11,3
Bengkayang,Kabupaten,2015-12,2015,12,6
Bengkayang,Kabupaten,2016-01,2016,1,4
Bengkayang,Kabupaten,2016-02,2016,2,1
Bengkayang,Kabupaten,2016-03,2016,3,1
Bengkayang,Kabupaten,2016-04,2016,4,3
Bengkayang,Kabupaten,2016-05,2016,5,1
Bengkayang,Kabupaten,2016-06,2016,6,11
Bengkayang,Kabupaten,2016-07,2016,7,38
Bengkayang,Kabupaten,2016-08,2016,8,722
Bengkayang,Kabupaten,2016-09,2016,9,40
Bengkayang,Kabupaten,2016-10,2016,10,11
Bengkayang,Kabupaten,2016-11,2016,11,0
Bengkayang,Kabupaten,2016-12,2016,12,6
Bengkayang,Kabupaten,2017-01,2017,1,10
Bengkayang,Kabupaten,2017-02,2017,2,0
Bengkayang,Kabupaten,2017-03,2017,3,2
Bengkayang,Kabupaten,2017-04,2017,4,3
Bengkayang,Kabupaten,2017-05,2017,5,2
Bengkayang,Kabupaten,2017-06,2017,6,13
Bengkayang,Kabupaten,2017-07,2017,7,84
Bengkayang,Kabupaten,2017-08,2017,8,170
Bengkayang,Kabupaten,2017-09,2017,9,187
Bengkayang,Kabupaten,2017-10,2017,10,17
Bengkayang,Kabupaten,2017-11,2017,11,2
Bengkayang,Kabupaten,2017-12,2017,12,3
Bengkayang,Kabupaten,2018-01,2018,1,3
Bengkayang,Kabupaten,2018-02,2018,2,73
Bengkayang,Kabupaten,2018-03,2018,3,8
Bengkayang,Kabupaten,2018-04,2018,4,14
Bengkayang,Kabupaten,2018-05,2018,5,5
Bengkayang,Kabupaten,2018-06,2018,6,14
Bengkayang,Kabupaten,2018-07,2018,7,183
Bengkayang,Kabupaten,2018-08,2018,8,952
Bengkayang,Kabupaten,2018-09,2018,9,89
Bengkayang,Kabupaten,2018-10,2018,10,1
Bengkayang,Kabupaten,2018-11,2018,11,0
Bengkayang,Kabupaten,2018-12,2018,12,1
Bengkayang,Kabupaten,2019-01,2019,1,8
Bengkayang,Kabupaten,2019-02,2019,2,1
Bengkayang,Kabupaten,2019-03,2019,3,98
Bengkayang,Kabupaten,2019-04,2019,4,43
Bengkayang,Kabupaten,2019-05,2019,5,20
Bengkayang,Kabupaten,2019-06,2019,6,11
Bengkayang,Kabupaten,2019-07,2019,7,80
Bengkayang,Kabupaten,2019-08,2019,8,350
Bengkayang,Kabupaten,2019-09,2019,9,239
Bengkayang,Kabupaten,2019-10,2019,10,0
Bengkayang,Kabupaten,2019-11,2019,11,4
Bengkayang,Kabupaten,2019-12,2019,12,0
Bengkayang,Kabupaten,2020-01,2020,1,2
Bengkayang,Kabupaten,2020-02,2020,2,7
Bengkayang,Kabupaten,2020-03,2020,3,13
Bengkayang,Kabupaten,2020-04,2020,4,13
Bengkayang,Kabupaten,2020-05,2020,5,3
Bengkayang,Kabupaten,2020-06,2020,6,4
Bengkayang,Kabupaten,2020-07,2020,7,24
Bengkayang,Kabupaten,2020-08,2020,8,733
Bengkayang,Kabupaten,2020-09,2020,9,81
Bengkayang,Kabupaten,2020-10,2020,10,26
Bengkayang,Kabupaten,2020-11,2020,11,0
Bengkayang,Kabupaten,2020-12,2020,12,1
Bengkayang,Kabupaten,2021-01,2021,1,2
Bengkayang,Kabupaten,2021-02,2021,2,16
Bengkayang,Kabupaten,2021-03,2021,3,2
Bengkayang,Kabupaten,2021-04,2021,4,11
Bengkayang,Kabupaten,2021-05,2021,5,4
Bengkayang,Kabupaten,2021-06,2021,6,3
Bengkayang,Kabupaten,2021-07,2021,7,83
Bengkayang,Kabupaten,2021-08,2021,8,135
Bengkayang,Kabupaten,2021-09,2021,9,205
Bengkayang,Kabupaten,2021-10,2021,10,19
Bengkayang,Kabupaten,2021-11,2021,11,2
Bengkayang,Kabupaten,2021-12,2021,12,2
Bengkayang,Kabupaten,2022-01,2022,1,4
Bengkayang,Kabupaten,2022-02,2022,2,28
Bengkayang,Kabupaten,2022-03,2022,3,58
Bengkayang,Kabupaten,2022-04,2022,4,15
Bengkayang,Kabupaten,2022-05,2022,5,29
Bengkayang,Kabupaten,2022-06,2022,6,2
Bengkayang,Kabupaten,2022-07,2022,7,94
Bengkayang,Kabupaten,2022-08,2022,8,173
Bengkayang,Kabupaten,2022-09,2022,9,23
Bengkayang,Kabupaten,2022-10,2022,10,7
Bengkayang,Kabupaten,2022-11,2022,11,2
Bengkayang,Kabupaten,2022-12,2022,12,9
Bengkayang,Kabupaten,2023-01,2023,1,2
Bengkayang,Kabupaten,2023-02,2023,2,8
Bengkayang,Kabupaten,2023-03,2023,3,1
Bengkayang,Kabupaten,2023-04,2023,4,33
Bengkayang,Kabupaten,2023-05,2023,5,21
Bengkayang,Kabupaten,2023-06,2023,6,46
Bengkayang,Kabupaten,2023-07,2023,7,392
Bengkayang,Kabupaten,2023-08,2023,8,400
Bengkayang,Kabupaten,2023-09,2023,9,226
Bengkayang,Kabupaten,2023-10,2023,10,17
Bengkayang,Kabupaten,2023-11,2023,11,4
Bengkayang,Kabupaten,2023-12,2023,12,6
Bengkayang,Kabupaten,2024-01,2024,1,2
Bengkayang,Kabupaten,2024-02,2024,2,4
Bengkayang,Kabupaten,2024-03,2024,3,13
Bengkayang,Kabupaten,2024-04,2024,4,3
Bengkayang,Kabupaten,2024-05,2024,5,6
Bengkayang,Kabupaten,2024-06,2024,6,13
Bengkayang,Kabupaten,2024-07,2024,7,71
Bengkayang,Kabupaten,2024-08,2024,8,113
Bengkayang,Kabupaten,2024-09,2024,9,481
Bengkayang,Kabupaten,2024-10,2024,10,42
Bengkayang,Kabupaten,2024-11,2024,11,0
Bengkayang,Kabupaten,2024-12,2024,12,5
Bengkayang,Kabupaten,2025-01,2025,1,0
Bengkayang,Kabupaten,2025-02,2025,2,1
Bengkayang,Kabupaten,2025-03,2025,3,5
Bengkayang,Kabupaten,2025-04,2025,4,1
Bengkayang,Kabupaten,2025-05,2025,5,14
Bengkayang,Kabupaten,2025-06,2025,6,39
Bengkayang,Kabupaten,2025-07,2025,7,459
Bengkayang,Kabupaten,2025-08,2025,8,555
Bengkayang,Kabupaten,2025-09,2025,9,31
Bengkayang,Kabupaten,2025-10,2025,10,12
Bengkayang,Kabupaten,2025-11,2025,11,12
Bengkayang,Kabupaten,2025-12,2025,12,1
Bengkayang,Kabupaten,2026-01,2026,1,24
Bengkayang,Kabupaten,2026-02,2026,2,56
Bengkayang,Kabupaten,2026-03,2026,3,237
Bengkayang,Kabupaten,2026-04,2026,4,40
Bengkayang,Kabupaten,2026-05,2026,5,14
Bengkayang,Kabupaten,2026-06,2026,6,10
Bengkayang,Kabupaten,2026-07,2026,7,70
Bengkayang,Kabupaten,2026-08,2026,8,514
KapuasHulu,Kabupaten,2012-01,2012,1,0
KapuasHulu,Kabupaten,2012-02,2012,2,0
KapuasHulu,Kabupaten,2012-03,2012,3,6
KapuasHulu,Kabupaten,2012-04,2012,4,12
KapuasHulu,Kabupaten,2012-05,2012,5,21
KapuasHulu,Kabupaten,2012-06,2012,6,169
KapuasHulu,Kabupaten,2012-07,2012,7,119
KapuasHulu,Kabupaten,2012-08,2012,8,1828
KapuasHulu,Kabupaten,2012-09,2012,9,451
KapuasHulu,Kabupaten,2012-10,2012,10,15
KapuasHulu,Kabupaten,2012-11,2012,11,3
KapuasHulu,Kabupaten,2012-12,2012,12,0
KapuasHulu,Kabupaten,2013-01,2013,1,0
KapuasHulu,Kabupaten,2013-02,2013,2,0
KapuasHulu,Kabupaten,2013-03,2013,3,5
KapuasHulu,Kabupaten,2013-04,2013,4,8
KapuasHulu,Kabupaten,2013-05,2013,5,3
KapuasHulu,Kabupaten,2013-06,2013,6,62
KapuasHulu,Kabupaten,2013-07,2013,7,29
KapuasHulu,Kabupaten,2013-08,2013,8,826
KapuasHulu,Kabupaten,2013-09,2013,9,352
KapuasHulu,Kabupaten,2013-10,2013,10,87
KapuasHulu,Kabupaten,2013-11,2013,11,2
KapuasHulu,Kabupaten,2013-12,2013,12,1
KapuasHulu,Kabupaten,2014-01,2014,1,11
KapuasHulu,Kabupaten,2014-02,2014,2,84
KapuasHulu,Kabupaten,2014-03,2014,3,123
KapuasHulu,Kabupaten,2014-04,2014,4,3
KapuasHulu,Kabupaten,2014-05,2014,5,4
KapuasHulu,Kabupaten,2014-06,2014,6,17
KapuasHulu,Kabupaten,2014-07,2014,7,1109
KapuasHulu,Kabupaten,2014-08,2014,8,767
KapuasHulu,Kabupaten,2014-09,2014,9,411
KapuasHulu,Kabupaten,2014-10,2014,10,28
KapuasHulu,Kabupaten,2014-11,2014,11,5
KapuasHulu,Kabupaten,2014-12,2014,12,1
KapuasHulu,Kabupaten,2015-01,2015,1,1
KapuasHulu,Kabupaten,2015-02,2015,2,0
KapuasHulu,Kabupaten,2015-03,2015,3,5
KapuasHulu,Kabupaten,2015-04,2015,4,0
KapuasHulu,Kabupaten,2015-05,2015,5,3
KapuasHulu,Kabupaten,2015-06,2015,6,19
KapuasHulu,Kabupaten,2015-07,2015,7,590
KapuasHulu,Kabupaten,2015-08,2015,8,1948
KapuasHulu,Kabupaten,2015-09,2015,9,205
KapuasHulu,Kabupaten,2015-10,2015,10,15
KapuasHulu,Kabupaten,2015-11,2015,11,2
KapuasHulu,Kabupaten,2015-12,2015,12,6
KapuasHulu,Kabupaten,2016-01,2016,1,1
KapuasHulu,Kabupaten,2016-02,2016,2,0
KapuasHulu,Kabupaten,2016-03,2016,3,0
KapuasHulu,Kabupaten,2016-04,2016,4,0
KapuasHulu,Kabupaten,2016-05,2016,5,2
KapuasHulu,Kabupaten,2016-06,2016,6,0
KapuasHulu,Kabupaten,2016-07,2016,7,25
KapuasHulu,Kabupaten,2016-08,2016,8,1029
KapuasHulu,Kabupaten,2016-09,2016,9,225
KapuasHulu,Kabupaten,2016-10,2016,10,44
KapuasHulu,Kabupaten,2016-11,2016,11,1
KapuasHulu,Kabupaten,2016-12,2016,12,0
KapuasHulu,Kabupaten,2017-01,2017,1,0
KapuasHulu,Kabupaten,2017-02,2017,2,3
KapuasHulu,Kabupaten,2017-03,2017,3,0
KapuasHulu,Kabupaten,2017-04,2017,4,2
KapuasHulu,Kabupaten,2017-05,2017,5,4
KapuasHulu,Kabupaten,2017-06,2017,6,6
KapuasHulu,Kabupaten,2017-07,2017,7,203
KapuasHulu,Kabupaten,2017-08,2017,8,313
KapuasHulu,Kabupaten,2017-09,2017,9,225
KapuasHulu,Kabupaten,2017-10,2017,10,4
KapuasHulu,Kabupaten,2017-11,2017,11,0
KapuasHulu,Kabupaten,2017-12,2017,12,4
KapuasHulu,Kabupaten,2018-01,2018,1,0
KapuasHulu,Kabupaten,2018-02,2018,2,6
KapuasHulu,Kabupaten,2018-03,2018,3,9
KapuasHulu,Kabupaten,2018-04,2018,4,5
KapuasHulu,Kabupaten,2018-05,2018,5,5
KapuasHulu,Kabupaten,2018-06,2018,6,4
KapuasHulu,Kabupaten,2018-07,2018,7,339
KapuasHulu,Kabupaten,2018-08,2018,8,1508
KapuasHulu,Kabupaten,2018-09,2018,9,76
KapuasHulu,Kabupaten,2018-10,2018,10,7
KapuasHulu,Kabupaten,2018-11,2018,11,0
KapuasHulu,Kabupaten,2018-12,2018,12,0
KapuasHulu,Kabupaten,2019-01,2019,1,3
KapuasHulu,Kabupaten,2019-02,2019,2,1
KapuasHulu,Kabupaten,2019-03,2019,3,11
KapuasHulu,Kabupaten,2019-04,2019,4,5
KapuasHulu,Kabupaten,2019-05,2019,5,35
KapuasHulu,Kabupaten,2019-06,2019,6,14
KapuasHulu,Kabupaten,2019-07,2019,7,119
KapuasHulu,Kabupaten,2019-08,2019,8,1132
KapuasHulu,Kabupaten,2019-09,2019,9,515
KapuasHulu,Kabupaten,2019-10,2019,10,0
KapuasHulu,Kabupaten,2019-11,2019,11,3
KapuasHulu,Kabupaten,2019-12,2019,12,0
KapuasHulu,Kabupaten,2020-01,2020,1,0
KapuasHulu,Kabupaten,2020-02,2020,2,1
KapuasHulu,Kabupaten,2020-03,2020,3,2
KapuasHulu,Kabupaten,2020-04,2020,4,1
KapuasHulu,Kabupaten,2020-05,2020,5,8
KapuasHulu,Kabupaten,2020-06,2020,6,5
KapuasHulu,Kabupaten,2020-07,2020,7,0
KapuasHulu,Kabupaten,2020-08,2020,8,634
KapuasHulu,Kabupaten,2020-09,2020,9,127
KapuasHulu,Kabupaten,2020-10,2020,10,77
KapuasHulu,Kabupaten,2020-11,2020,11,0
KapuasHulu,Kabupaten,2020-12,2020,12,0
KapuasHulu,Kabupaten,2021-01,2021,1,0
KapuasHulu,Kabupaten,2021-02,2021,2,10
KapuasHulu,Kabupaten,2021-03,2021,3,1
KapuasHulu,Kabupaten,2021-04,2021,4,5
KapuasHulu,Kabupaten,2021-05,2021,5,6
KapuasHulu,Kabupaten,2021-06,2021,6,2
KapuasHulu,Kabupaten,2021-07,2021,7,74
KapuasHulu,Kabupaten,2021-08,2021,8,135
KapuasHulu,Kabupaten,2021-09,2021,9,202
KapuasHulu,Kabupaten,2021-10,2021,10,144
KapuasHulu,Kabupaten,2021-11,2021,11,1
KapuasHulu,Kabupaten,2021-12,2021,12,0
KapuasHulu,Kabupaten,2022-01,2022,1,2
KapuasHulu,Kabupaten,2022-02,2022,2,4
KapuasHulu,Kabupaten,2022-03,2022,3,4
KapuasHulu,Kabupaten,2022-04,2022,4,4
KapuasHulu,Kabupaten,2022-05,2022,5,9
KapuasHulu,Kabupaten,2022-06,2022,6,2
KapuasHulu,Kabupaten,2022-07,2022,7,75
KapuasHulu,Kabupaten,2022-08,2022,8,420
KapuasHulu,Kabupaten,2022-09,2022,9,74
KapuasHulu,Kabupaten,2022-10,2022,10,8
KapuasHulu,Kabupaten,2022-11,2022,11,6
KapuasHulu,Kabupaten,2022-12,2022,12,5
KapuasHulu,Kabupaten,2023-01,2023,1,7
KapuasHulu,Kabupaten,2023-02,2023,2,3
KapuasHulu,Kabupaten,2023-03,2023,3,5
KapuasHulu,Kabupaten,2023-04,2023,4,21
KapuasHulu,Kabupaten,2023-05,2023,5,14
KapuasHulu,Kabupaten,2023-06,2023,6,27
KapuasHulu,Kabupaten,2023-07,2023,7,736
KapuasHulu,Kabupaten,2023-08,2023,8,643
KapuasHulu,Kabupaten,2023-09,2023,9,61
KapuasHulu,Kabupaten,2023-10,2023,10,8
KapuasHulu,Kabupaten,2023-11,2023,11,0
KapuasHulu,Kabupaten,2023-12,2023,12,0
KapuasHulu,Kabupaten,2024-01,2024,1,2
KapuasHulu,Kabupaten,2024-02,2024,2,0
KapuasHulu,Kabupaten,2024-03,2024,3,6
KapuasHulu,Kabupaten,2024-04,2024,4,0
KapuasHulu,Kabupaten,2024-05,2024,5,5
KapuasHulu,Kabupaten,2024-06,2024,6,1
KapuasHulu,Kabupaten,2024-07,2024,7,22
KapuasHulu,Kabupaten,2024-08,2024,8,369
KapuasHulu,Kabupaten,2024-09,2024,9,558
KapuasHulu,Kabupaten,2024-10,2024,10,15
KapuasHulu,Kabupaten,2024-11,2024,11,1
KapuasHulu,Kabupaten,2024-12,2024,12,0
KapuasHulu,Kabupaten,2025-01,2025,1,1
KapuasHulu,Kabupaten,2025-02,2025,2,1
KapuasHulu,Kabupaten,2025-03,2025,3,4
KapuasHulu,Kabupaten,2025-04,2025,4,1
KapuasHulu,Kabupaten,2025-05,2025,5,13
KapuasHulu,Kabupaten,2025-06,2025,6,14
KapuasHulu,Kabupaten,2025-07,2025,7,420
KapuasHulu,Kabupaten,2025-08,2025,8,563
KapuasHulu,Kabupaten,2025-09,2025,9,296
KapuasHulu,Kabupaten,2025-10,2025,10,15
KapuasHulu,Kabupaten,2025-11,2025,11,19
KapuasHulu,Kabupaten,2025-12,2025,12,4
KapuasHulu,Kabupaten,2026-01,2026,1,25
KapuasHulu,Kabupaten,2026-02,2026,2,10
KapuasHulu,Kabupaten,2026-03,2026,3,54
KapuasHulu,Kabupaten,2026-04,2026,4,8
KapuasHulu,Kabupaten,2026-05,2026,5,7
KapuasHulu,Kabupaten,2026-06,2026,6,17
KapuasHulu,Kabupaten,2026-07,2026,7,178
KapuasHulu,Kabupaten,2026-08,2026,8,1453
KayongUtara,Kabupaten,2012-01,2012,1,0
KayongUtara,Kabupaten,2012-02,2012,2,1
KayongUtara,Kabupaten,2012-03,2012,3,3
KayongUtara,Kabupaten,2012-04,2012,4,0
KayongUtara,Kabupaten,2012-05,2012,5,11
KayongUtara,Kabupaten,2012-06,2012,6,44
KayongUtara,Kabupaten,2012-07,2012,7,179
KayongUtara,Kabupaten,2012-08,2012,8,1030
KayongUtara,Kabupaten,2012-09,2012,9,1179
KayongUtara,Kabupaten,2012-10,2012,10,400
KayongUtara,Kabupaten,2012-11,2012,11,1
KayongUtara,Kabupaten,2012-12,2012,12,0
KayongUtara,Kabupaten,2013-01,2013,1,14
KayongUtara,Kabupaten,2013-02,2013,2,5
KayongUtara,Kabupaten,2013-03,2013,3,39
KayongUtara,Kabupaten,2013-04,2013,4,1
KayongUtara,Kabupaten,2013-05,2013,5,0
KayongUtara,Kabupaten,2013-06,2013,6,71
KayongUtara,Kabupaten,2013-07,2013,7,2
KayongUtara,Kabupaten,2013-08,2013,8,89
KayongUtara,Kabupaten,2013-09,2013,9,168
KayongUtara,Kabupaten,2013-10,2013,10,211
KayongUtara,Kabupaten,2013-11,2013,11,5
KayongUtara,Kabupaten,2013-12,2013,12,0
KayongUtara,Kabupaten,2014-01,2014,1,66
KayongUtara,Kabupaten,2014-02,2014,2,212
KayongUtara,Kabupaten,2014-03,2014,3,90
KayongUtara,Kabupaten,2014-04,2014,4,6
KayongUtara,Kabupaten,2014-05,2014,5,2
KayongUtara,Kabupaten,2014-06,2014,6,9
KayongUtara,Kabupaten,2014-07,2014,7,142
KayongUtara,Kabupaten,2014-08,2014,8,147
KayongUtara,Kabupaten,2014-09,2014,9,409
KayongUtara,Kabupaten,2014-10,2014,10,86
KayongUtara,Kabupaten,2014-11,2014,11,1
KayongUtara,Kabupaten,2014-12,2014,12,1
KayongUtara,Kabupaten,2015-01,2015,1,5
KayongUtara,Kabupaten,2015-02,2015,2,4
KayongUtara,Kabupaten,2015-03,2015,3,11
KayongUtara,Kabupaten,2015-04,2015,4,0
KayongUtara,Kabupaten,2015-05,2015,5,6
KayongUtara,Kabupaten,2015-06,2015,6,22
KayongUtara,Kabupaten,2015-07,2015,7,251
KayongUtara,Kabupaten,2015-08,2015,8,1149
KayongUtara,Kabupaten,2015-09,2015,9,2394
KayongUtara,Kabupaten,2015-10,2015,10,420
KayongUtara,Kabupaten,2015-11,2015,11,6
KayongUtara,Kabupaten,2015-12,2015,12,3
KayongUtara,Kabupaten,2016-01,2016,1,0
KayongUtara,Kabupaten,2016-02,2016,2,1
KayongUtara,Kabupaten,2016-03,2016,3,0
KayongUtara,Kabupaten,2016-04,2016,4,0
KayongUtara,Kabupaten,2016-05,2016,5,0
KayongUtara,Kabupaten,2016-06,2016,6,1
KayongUtara,Kabupaten,2016-07,2016,7,14
KayongUtara,Kabupaten,2016-08,2016,8,58
KayongUtara,Kabupaten,2016-09,2016,9,99
KayongUtara,Kabupaten,2016-10,2016,10,7
KayongUtara,Kabupaten,2016-11,2016,11,3
KayongUtara,Kabupaten,2016-12,2016,12,3
KayongUtara,Kabupaten,2017-01,2017,1,8
KayongUtara,Kabupaten,2017-02,2017,2,6
KayongUtara,Kabupaten,2017-03,2017,3,0
KayongUtara,Kabupaten,2017-04,2017,4,3
KayongUtara,Kabupaten,2017-05,2017,5,3
KayongUtara,Kabupaten,2017-06,2017,6,4
KayongUtara,Kabupaten,2017-07,2017,7,3
KayongUtara,Kabupaten,2017-08,2017,8,11
KayongUtara,Kabupaten,2017-09,2017,9,45
KayongUtara,Kabupaten,2017-10,2017,10,3
KayongUtara,Kabupaten,2017-11,2017,11,0
KayongUtara,Kabupaten,2017-12,2017,12,1
KayongUtara,Kabupaten,2018-01,2018,1,1
KayongUtara,Kabupaten,2018-02,2018,2,19
KayongUtara,Kabupaten,2018-03,2018,3,1
KayongUtara,Kabupaten,2018-04,2018,4,2
KayongUtara,Kabupaten,2018-05,2018,5,2
KayongUtara,Kabupaten,2018-06,2018,6,0
KayongUtara,Kabupaten,2018-07,2018,7,55
KayongUtara,Kabupaten,2018-08,2018,8,758
KayongUtara,Kabupaten,2018-09,2018,9,351
KayongUtara,Kabupaten,2018-10,2018,10,4
KayongUtara,Kabupaten,2018-11,2018,11,0
KayongUtara,Kabupaten,2018-12,2018,12,0
KayongUtara,Kabupaten,2019-01,2019,1,0
KayongUtara,Kabupaten,2019-02,2019,2,1
KayongUtara,Kabupaten,2019-03,2019,3,8
KayongUtara,Kabupaten,2019-04,2019,4,1
KayongUtara,Kabupaten,2019-05,2019,5,0
KayongUtara,Kabupaten,2019-06,2019,6,0
KayongUtara,Kabupaten,2019-07,2019,7,10
KayongUtara,Kabupaten,2019-08,2019,8,357
KayongUtara,Kabupaten,2019-09,2019,9,2644
KayongUtara,Kabupaten,2019-10,2019,10,9
KayongUtara,Kabupaten,2019-11,2019,11,5
KayongUtara,Kabupaten,2019-12,2019,12,0
KayongUtara,Kabupaten,2020-01,2020,1,0
KayongUtara,Kabupaten,2020-02,2020,2,0
KayongUtara,Kabupaten,2020-03,2020,3,0
KayongUtara,Kabupaten,2020-04,2020,4,1
KayongUtara,Kabupaten,2020-05,2020,5,3
KayongUtara,Kabupaten,2020-06,2020,6,3
KayongUtara,Kabupaten,2020-07,2020,7,2
KayongUtara,Kabupaten,2020-08,2020,8,9
KayongUtara,Kabupaten,2020-09,2020,9,30
KayongUtara,Kabupaten,2020-10,2020,10,5
KayongUtara,Kabupaten,2020-11,2020,11,2
KayongUtara,Kabupaten,2020-12,2020,12,0
KayongUtara,Kabupaten,2021-01,2021,1,0
KayongUtara,Kabupaten,2021-02,2021,2,53
KayongUtara,Kabupaten,2021-03,2021,3,9
KayongUtara,Kabupaten,2021-04,2021,4,4
KayongUtara,Kabupaten,2021-05,2021,5,1
KayongUtara,Kabupaten,2021-06,2021,6,1
KayongUtara,Kabupaten,2021-07,2021,7,5
KayongUtara,Kabupaten,2021-08,2021,8,3
KayongUtara,Kabupaten,2021-09,2021,9,30
KayongUtara,Kabupaten,2021-10,2021,10,8
KayongUtara,Kabupaten,2021-11,2021,11,0
KayongUtara,Kabupaten,2021-12,2021,12,1
KayongUtara,Kabupaten,2022-01,2022,1,2
KayongUtara,Kabupaten,2022-02,2022,2,4
KayongUtara,Kabupaten,2022-03,2022,3,12
KayongUtara,Kabupaten,2022-04,2022,4,6
KayongUtara,Kabupaten,2022-05,2022,5,3
KayongUtara,Kabupaten,2022-06,2022,6,7
KayongUtara,Kabupaten,2022-07,2022,7,9
KayongUtara,Kabupaten,2022-08,2022,8,8
KayongUtara,Kabupaten,2022-09,2022,9,10
KayongUtara,Kabupaten,2022-10,2022,10,0
KayongUtara,Kabupaten,2022-11,2022,11,0
KayongUtara,Kabupaten,2022-12,2022,12,1
KayongUtara,Kabupaten,2023-01,2023,1,1
KayongUtara,Kabupaten,2023-02,2023,2,19
KayongUtara,Kabupaten,2023-03,2023,3,0
KayongUtara,Kabupaten,2023-04,2023,4,6
KayongUtara,Kabupaten,2023-05,2023,5,14
KayongUtara,Kabupaten,2023-06,2023,6,43
KayongUtara,Kabupaten,2023-07,2023,7,47
KayongUtara,Kabupaten,2023-08,2023,8,272
KayongUtara,Kabupaten,2023-09,2023,9,461
KayongUtara,Kabupaten,2023-10,2023,10,13
KayongUtara,Kabupaten,2023-11,2023,11,4
KayongUtara,Kabupaten,2023-12,2023,12,2
KayongUtara,Kabupaten,2024-01,2024,1,1
KayongUtara,Kabupaten,2024-02,2024,2,0
KayongUtara,Kabupaten,2024-03,2024,3,8
KayongUtara,Kabupaten,2024-04,2024,4,1
KayongUtara,Kabupaten,2024-05,2024,5,1
KayongUtara,Kabupaten,2024-06,2024,6,6
KayongUtara,Kabupaten,2024-07,2024,7,15
KayongUtara,Kabupaten,2024-08,2024,8,21
KayongUtara,Kabupaten,2024-09,2024,9,70
KayongUtara,Kabupaten,2024-10,2024,10,4
KayongUtara,Kabupaten,2024-11,2024,11,0
KayongUtara,Kabupaten,2024-12,2024,12,0
KayongUtara,Kabupaten,2025-01,2025,1,0
KayongUtara,Kabupaten,2025-02,2025,2,3
KayongUtara,Kabupaten,2025-03,2025,3,0
KayongUtara,Kabupaten,2025-04,2025,4,3
KayongUtara,Kabupaten,2025-05,2025,5,10
KayongUtara,Kabupaten,2025-06,2025,6,1
KayongUtara,Kabupaten,2025-07,2025,7,93
KayongUtara,Kabupaten,2025-08,2025,8,24
KayongUtara,Kabupaten,2025-09,2025,9,45
KayongUtara,Kabupaten,2025-10,2025,10,4
KayongUtara,Kabupaten,2025-11,2025,11,1
KayongUtara,Kabupaten,2025-12,2025,12,0
KayongUtara,Kabupaten,2026-01,2026,1,14
KayongUtara,Kabupaten,2026-02,2026,2,4
KayongUtara,Kabupaten,2026-03,2026,3,50
KayongUtara,Kabupaten,2026-04,2026,4,3
KayongUtara,Kabupaten,2026-05,2026,5,0
KayongUtara,Kabupaten,2026-06,2026,6,1
KayongUtara,Kabupaten,2026-07,2026,7,483
KayongUtara,Kabupaten,2026-08,2026,8,1819
Ketapang,Kabupaten,2012-01,2012,1,26
Ketapang,Kabupaten,2012-02,2012,2,18
Ketapang,Kabupaten,2012-03,2012,3,58
Ketapang,Kabupaten,2012-04,2012,4,51
Ketapang,Kabupaten,2012-05,2012,5,195
Ketapang,Kabupaten,2012-06,2012,6,546
Ketapang,Kabupaten,2012-07,2012,7,545
Ketapang,Kabupaten,2012-08,2012,8,4366
Ketapang,Kabupaten,2012-09,2012,9,4256
Ketapang,Kabupaten,2012-10,2012,10,1657
Ketapang,Kabupaten,2012-11,2012,11,20
Ketapang,Kabupaten,2012-12,2012,12,4
Ketapang,Kabupaten,2013-01,2013,1,25
Ketapang,Kabupaten,2013-02,2013,2,20
Ketapang,Kabupaten,2013-03,2013,3,137
Ketapang,Kabupaten,2013-04,2013,4,49
Ketapang,Kabupaten,2013-05,2013,5,35
Ketapang,Kabupaten,2013-06,2013,6,167
Ketapang,Kabupaten,2013-07,2013,7,116
Ketapang,Kabupaten,2013-08,2013,8,1474
Ketapang,Kabupaten,2013-09,2013,9,2629
Ketapang,Kabupaten,2013-10,2013,10,1083
Ketapang,Kabupaten,2013-11,2013,11,30
Ketapang,Kabupaten,2013-12,2013,12,10
Ketapang,Kabupaten,2014-01,2014,1,248
Ketapang,Kabupaten,2014-02,2014,2,934
Ketapang,Kabupaten,2014-03,2014,3,72
Ketapang,Kabupaten,2014-04,2014,4,50
Ketapang,Kabupaten,2014-05,2014,5,51
Ketapang,Kabupaten,2014-06,2014,6,70
Ketapang,Kabupaten,2014-07,2014,7,870
Ketapang,Kabupaten,2014-08,2014,8,2801
Ketapang,Kabupaten,2014-09,2014,9,7398
Ketapang,Kabupaten,2014-10,2014,10,4330
Ketapang,Kabupaten,2014-11,2014,11,1419
Ketapang,Kabupaten,2014-12,2014,12,12
Ketapang,Kabupaten,2015-01,2015,1,41
Ketapang,Kabupaten,2015-02,2015,2,45
Ketapang,Kabupaten,2015-03,2015,3,22
Ketapang,Kabupaten,2015-04,2015,4,11
Ketapang,Kabupaten,2015-05,2015,5,60
Ketapang,Kabupaten,2015-06,2015,6,100
Ketapang,Kabupaten,2015-07,2015,7,634
Ketapang,Kabupaten,2015-08,2015,8,6216
Ketapang,Kabupaten,2015-09,2015,9,12814
Ketapang,Kabupaten,2015-10,2015,10,5141
Ketapang,Kabupaten,2015-11,2015,11,333
Ketapang,Kabupaten,2015-12,2015,12,23
Ketapang,Kabupaten,2016-01,2016,1,3
Ketapang,Kabupaten,2016-02,2016,2,13
Ketapang,Kabupaten,2016-03,2016,3,24
Ketapang,Kabupaten,2016-04,2016,4,6
Ketapang,Kabupaten,2016-05,2016,5,17
Ketapang,Kabupaten,2016-06,2016,6,18
Ketapang,Kabupaten,2016-07,2016,7,39
Ketapang,Kabupaten,2016-08,2016,8,734
Ketapang,Kabupaten,2016-09,2016,9,1730
Ketapang,Kabupaten,2016-10,2016,10,185
Ketapang,Kabupaten,2016-11,2016,11,7
Ketapang,Kabupaten,2016-12,2016,12,16
Ketapang,Kabupaten,2017-01,2017,1,19
Ketapang,Kabupaten,2017-02,2017,2,9
Ketapang,Kabupaten,2017-03,2017,3,23
Ketapang,Kabupaten,2017-04,2017,4,13
Ketapang,Kabupaten,2017-05,2017,5,25
Ketapang,Kabupaten,2017-06,2017,6,64
Ketapang,Kabupaten,2017-07,2017,7,88
Ketapang,Kabupaten,2017-08,2017,8,150
Ketapang,Kabupaten,2017-09,2017,9,969
Ketapang,Kabupaten,2017-10,2017,10,135
Ketapang,Kabupaten,2017-11,2017,11,5
Ketapang,Kabupaten,2017-12,2017,12,27
Ketapang,Kabupaten,2018-01,2018,1,40
Ketapang,Kabupaten,2018-02,2018,2,213
Ketapang,Kabupaten,2018-03,2018,3,26
Ketapang,Kabupaten,2018-04,2018,4,25
Ketapang,Kabupaten,2018-05,2018,5,29
Ketapang,Kabupaten,2018-06,2018,6,57
Ketapang,Kabupaten,2018-07,2018,7,331
Ketapang,Kabupaten,2018-08,2018,8,3675
Ketapang,Kabupaten,2018-09,2018,9,1745
Ketapang,Kabupaten,2018-10,2018,10,247
Ketapang,Kabupaten,2018-11,2018,11,5
Ketapang,Kabupaten,2018-12,2018,12,4
Ketapang,Kabupaten,2019-01,2019,1,24
Ketapang,Kabupaten,2019-02,2019,2,18
Ketapang,Kabupaten,2019-03,2019,3,29
Ketapang,Kabupaten,2019-04,2019,4,16
Ketapang,Kabupaten,2019-05,2019,5,30
Ketapang,Kabupaten,2019-06,2019,6,21
Ketapang,Kabupaten,2019-07,2019,7,236
Ketapang,Kabupaten,2019-08,2019,8,4107
Ketapang,Kabupaten,2019-09,2019,9,14219
Ketapang,Kabupaten,2019-10,2019,10,654
Ketapang,Kabupaten,2019-11,2019,11,645
Ketapang,Kabupaten,2019-12,2019,12,6
Ketapang,Kabupaten,2020-01,2020,1,6
Ketapang,Kabupaten,2020-02,2020,2,6
Ketapang,Kabupaten,2020-03,2020,3,22
Ketapang,Kabupaten,2020-04,2020,4,12
Ketapang,Kabupaten,2020-05,2020,5,3
Ketapang,Kabupaten,2020-06,2020,6,25
Ketapang,Kabupaten,2020-07,2020,7,14
Ketapang,Kabupaten,2020-08,2020,8,329
Ketapang,Kabupaten,2020-09,2020,9,865
Ketapang,Kabupaten,2020-10,2020,10,262
Ketapang,Kabupaten,2020-11,2020,11,15
Ketapang,Kabupaten,2020-12,2020,12,12
Ketapang,Kabupaten,2021-01,2021,1,14
Ketapang,Kabupaten,2021-02,2021,2,123
Ketapang,Kabupaten,2021-03,2021,3,37
Ketapang,Kabupaten,2021-04,2021,4,125
Ketapang,Kabupaten,2021-05,2021,5,26
Ketapang,Kabupaten,2021-06,2021,6,40
Ketapang,Kabupaten,2021-07,2021,7,67
Ketapang,Kabupaten,2021-08,2021,8,81
Ketapang,Kabupaten,2021-09,2021,9,981
Ketapang,Kabupaten,2021-10,2021,10,199
Ketapang,Kabupaten,2021-11,2021,11,19
Ketapang,Kabupaten,2021-12,2021,12,25
Ketapang,Kabupaten,2022-01,2022,1,43
Ketapang,Kabupaten,2022-02,2022,2,27
Ketapang,Kabupaten,2022-03,2022,3,57
Ketapang,Kabupaten,2022-04,2022,4,57
Ketapang,Kabupaten,2022-05,2022,5,64
Ketapang,Kabupaten,2022-06,2022,6,20
Ketapang,Kabupaten,2022-07,2022,7,79
Ketapang,Kabupaten,2022-08,2022,8,378
Ketapang,Kabupaten,2022-09,2022,9,397
Ketapang,Kabupaten,2022-10,2022,10,21
Ketapang,Kabupaten,2022-11,2022,11,18
Ketapang,Kabupaten,2022-12,2022,12,32
Ketapang,Kabupaten,2023-01,2023,1,39
Ketapang,Kabupaten,2023-02,2023,2,32
Ketapang,Kabupaten,2023-03,2023,3,17
Ketapang,Kabupaten,2023-04,2023,4,95
Ketapang,Kabupaten,2023-05,2023,5,119
Ketapang,Kabupaten,2023-06,2023,6,129
Ketapang,Kabupaten,2023-07,2023,7,481
Ketapang,Kabupaten,2023-08,2023,8,2691
Ketapang,Kabupaten,2023-09,2023,9,1990
Ketapang,Kabupaten,2023-10,2023,10,1333
Ketapang,Kabupaten,2023-11,2023,11,29
Ketapang,Kabupaten,2023-12,2023,12,18
Ketapang,Kabupaten,2024-01,2024,1,19
Ketapang,Kabupaten,2024-02,2024,2,11
Ketapang,Kabupaten,2024-03,2024,3,37
Ketapang,Kabupaten,2024-04,2024,4,7
Ketapang,Kabupaten,2024-05,2024,5,20
Ketapang,Kabupaten,2024-06,2024,6,44
Ketapang,Kabupaten,2024-07,2024,7,92
Ketapang,Kabupaten,2024-08,2024,8,330
Ketapang,Kabupaten,2024-09,2024,9,2304
Ketapang,Kabupaten,2024-10,2024,10,120
Ketapang,Kabupaten,2024-11,2024,11,7
Ketapang,Kabupaten,2024-12,2024,12,6
Ketapang,Kabupaten,2025-01,2025,1,2
Ketapang,Kabupaten,2025-02,2025,2,26
Ketapang,Kabupaten,2025-03,2025,3,12
Ketapang,Kabupaten,2025-04,2025,4,14
Ketapang,Kabupaten,2025-05,2025,5,87
Ketapang,Kabupaten,2025-06,2025,6,64
Ketapang,Kabupaten,2025-07,2025,7,280
Ketapang,Kabupaten,2025-08,2025,8,971
Ketapang,Kabupaten,2025-09,2025,9,1474
Ketapang,Kabupaten,2025-10,2025,10,117
Ketapang,Kabupaten,2025-11,2025,11,25
Ketapang,Kabupaten,2025-12,2025,12,5
Ketapang,Kabupaten,2026-01,2026,1,88
Ketapang,Kabupaten,2026-02,2026,2,98
Ketapang,Kabupaten,2026-03,2026,3,500
Ketapang,Kabupaten,2026-04,2026,4,22
Ketapang,Kabupaten,2026-05,2026,5,39
Ketapang,Kabupaten,2026-06,2026,6,99
Ketapang,Kabupaten,2026-07,2026,7,873
Ketapang,Kabupaten,2026-08,2026,8,11009
KotaPontianak,Kota,2012-01,2012,1,0
KotaPontianak,Kota,2012-02,2012,2,0
KotaPontianak,Kota,2012-03,2012,3,0
KotaPontianak,Kota,2012-04,2012,4,1
KotaPontianak,Kota,2012-05,2012,5,3
KotaPontianak,Kota,2012-06,2012,6,2
KotaPontianak,Kota,2012-07,2012,7,4
KotaPontianak,Kota,2012-08,2012,8,12
KotaPontianak,Kota,2012-09,2012,9,2
KotaPontianak,Kota,2012-10,2012,10,0
KotaPontianak,Kota,2012-11,2012,11,0
KotaPontianak,Kota,2012-12,2012,12,0
KotaPontianak,Kota,2013-01,2013,1,3
KotaPontianak,Kota,2013-02,2013,2,1
KotaPontianak,Kota,2013-03,2013,3,19
KotaPontianak,Kota,2013-04,2013,4,0
KotaPontianak,Kota,2013-05,2013,5,1
KotaPontianak,Kota,2013-06,2013,6,2
KotaPontianak,Kota,2013-07,2013,7,0
KotaPontianak,Kota,2013-08,2013,8,1
KotaPontianak,Kota,2013-09,2013,9,0
KotaPontianak,Kota,2013-10,2013,10,2
KotaPontianak,Kota,2013-11,2013,11,0
KotaPontianak,Kota,2013-12,2013,12,0
KotaPontianak,Kota,2014-01,2014,1,7
KotaPontianak,Kota,2014-02,2014,2,22
KotaPontianak,Kota,2014-03,2014,3,2
KotaPontianak,Kota,2014-04,2014,4,0
KotaPontianak,Kota,2014-05,2014,5,0
KotaPontianak,Kota,2014-06,2014,6,2
KotaPontianak,Kota,2014-07,2014,7,0
KotaPontianak,Kota,2014-08,2014,8,0
KotaPontianak,Kota,2014-09,2014,9,1
KotaPontianak,Kota,2014-10,2014,10,0
KotaPontianak,Kota,2014-11,2014,11,0
KotaPontianak,Kota,2014-12,2014,12,0
KotaPontianak,Kota,2015-01,2015,1,0
KotaPontianak,Kota,2015-02,2015,2,0
KotaPontianak,Kota,2015-03,2015,3,5
KotaPontianak,Kota,2015-04,2015,4,2
KotaPontianak,Kota,2015-05,2015,5,1
KotaPontianak,Kota,2015-06,2015,6,0
KotaPontianak,Kota,2015-07,2015,7,1
KotaPontianak,Kota,2015-08,2015,8,4
KotaPontianak,Kota,2015-09,2015,9,0
KotaPontianak,Kota,2015-10,2015,10,0
KotaPontianak,Kota,2015-11,2015,11,0
KotaPontianak,Kota,2015-12,2015,12,0
KotaPontianak,Kota,2016-01,2016,1,0
KotaPontianak,Kota,2016-02,2016,2,0
KotaPontianak,Kota,2016-03,2016,3,1
KotaPontianak,Kota,2016-04,2016,4,0
KotaPontianak,Kota,2016-05,2016,5,0
KotaPontianak,Kota,2016-06,2016,6,1
KotaPontianak,Kota,2016-07,2016,7,0
KotaPontianak,Kota,2016-08,2016,8,9
KotaPontianak,Kota,2016-09,2016,9,8
KotaPontianak,Kota,2016-10,2016,10,2
KotaPontianak,Kota,2016-11,2016,11,0
KotaPontianak,Kota,2016-12,2016,12,1
KotaPontianak,Kota,2017-01,2017,1,8
KotaPontianak,Kota,2017-02,2017,2,2
KotaPontianak,Kota,2017-03,2017,3,0
KotaPontianak,Kota,2017-04,2017,4,0
KotaPontianak,Kota,2017-05,2017,5,0
KotaPontianak,Kota,2017-06,2017,6,0
KotaPontianak,Kota,2017-07,2017,7,0
KotaPontianak,Kota,2017-08,2017,8,1
KotaPontianak,Kota,2017-09,2017,9,0
KotaPontianak,Kota,2017-10,2017,10,0
KotaPontianak,Kota,2017-11,2017,11,0
KotaPontianak,Kota,2017-12,2017,12,0
KotaPontianak,Kota,2018-01,2018,1,0
KotaPontianak,Kota,2018-02,2018,2,4
KotaPontianak,Kota,2018-03,2018,3,1
KotaPontianak,Kota,2018-04,2018,4,0
KotaPontianak,Kota,2018-05,2018,5,0
KotaPontianak,Kota,2018-06,2018,6,0
KotaPontianak,Kota,2018-07,2018,7,4
KotaPontianak,Kota,2018-08,2018,8,26
KotaPontianak,Kota,2018-09,2018,9,0
KotaPontianak,Kota,2018-10,2018,10,0
KotaPontianak,Kota,2018-11,2018,11,0
KotaPontianak,Kota,2018-12,2018,12,0
KotaPontianak,Kota,2019-01,2019,1,0
KotaPontianak,Kota,2019-02,2019,2,0
KotaPontianak,Kota,2019-03,2019,3,0
KotaPontianak,Kota,2019-04,2019,4,4
KotaPontianak,Kota,2019-05,2019,5,0
KotaPontianak,Kota,2019-06,2019,6,0
KotaPontianak,Kota,2019-07,2019,7,0
KotaPontianak,Kota,2019-08,2019,8,3
KotaPontianak,Kota,2019-09,2019,9,1
KotaPontianak,Kota,2019-10,2019,10,1
KotaPontianak,Kota,2019-11,2019,11,0
KotaPontianak,Kota,2019-12,2019,12,0
KotaPontianak,Kota,2020-01,2020,1,0
KotaPontianak,Kota,2020-02,2020,2,0
KotaPontianak,Kota,2020-03,2020,3,0
KotaPontianak,Kota,2020-04,2020,4,0
KotaPontianak,Kota,2020-05,2020,5,0
KotaPontianak,Kota,2020-06,2020,6,0
KotaPontianak,Kota,2020-07,2020,7,0
KotaPontianak,Kota,2020-08,2020,8,0
KotaPontianak,Kota,2020-09,2020,9,0
KotaPontianak,Kota,2020-10,2020,10,0
KotaPontianak,Kota,2020-11,2020,11,0
KotaPontianak,Kota,2020-12,2020,12,0
KotaPontianak,Kota,2021-01,2021,1,0
KotaPontianak,Kota,2021-02,2021,2,56
KotaPontianak,Kota,2021-03,2021,3,0
KotaPontianak,Kota,2021-04,2021,4,3
KotaPontianak,Kota,2021-05,2021,5,0
KotaPontianak,Kota,2021-06,2021,6,0
KotaPontianak,Kota,2021-07,2021,7,0
KotaPontianak,Kota,2021-08,2021,8,0
KotaPontianak,Kota,2021-09,2021,9,0
KotaPontianak,Kota,2021-10,2021,10,0
KotaPontianak,Kota,2021-11,2021,11,0
KotaPontianak,Kota,2021-12,2021,12,0
KotaPontianak,Kota,2022-01,2022,1,0
KotaPontianak,Kota,2022-02,2022,2,0
KotaPontianak,Kota,2022-03,2022,3,1
KotaPontianak,Kota,2022-04,2022,4,9
KotaPontianak,Kota,2022-05,2022,5,1
KotaPontianak,Kota,2022-06,2022,6,0
KotaPontianak,Kota,2022-07,2022,7,0
KotaPontianak,Kota,2022-08,2022,8,0
KotaPontianak,Kota,2022-09,2022,9,0
KotaPontianak,Kota,2022-10,2022,10,0
KotaPontianak,Kota,2022-11,2022,11,0
KotaPontianak,Kota,2022-12,2022,12,0
KotaPontianak,Kota,2023-01,2023,1,0
KotaPontianak,Kota,2023-02,2023,2,2
KotaPontianak,Kota,2023-03,2023,3,0
KotaPontianak,Kota,2023-04,2023,4,0
KotaPontianak,Kota,2023-05,2023,5,0
KotaPontianak,Kota,2023-06,2023,6,0
KotaPontianak,Kota,2023-07,2023,7,0
KotaPontianak,Kota,2023-08,2023,8,0
KotaPontianak,Kota,2023-09,2023,9,0
KotaPontianak,Kota,2023-10,2023,10,0
KotaPontianak,Kota,2023-11,2023,11,0
KotaPontianak,Kota,2023-12,2023,12,0
KotaPontianak,Kota,2024-01,2024,1,0
KotaPontianak,Kota,2024-02,2024,2,0
KotaPontianak,Kota,2024-03,2024,3,0
KotaPontianak,Kota,2024-04,2024,4,0
KotaPontianak,Kota,2024-05,2024,5,0
KotaPontianak,Kota,2024-06,2024,6,0
KotaPontianak,Kota,2024-07,2024,7,0
KotaPontianak,Kota,2024-08,2024,8,0
KotaPontianak,Kota,2024-09,2024,9,0
KotaPontianak,Kota,2024-10,2024,10,2
KotaPontianak,Kota,2024-11,2024,11,2
KotaPontianak,Kota,2024-12,2024,12,1
KotaPontianak,Kota,2025-01,2025,1,0
KotaPontianak,Kota,2025-02,2025,2,1
KotaPontianak,Kota,2025-03,2025,3,0
KotaPontianak,Kota,2025-04,2025,4,0
KotaPontianak,Kota,2025-05,2025,5,0
KotaPontianak,Kota,2025-06,2025,6,0
KotaPontianak,Kota,2025-07,2025,7,1
KotaPontianak,Kota,2025-08,2025,8,0
KotaPontianak,Kota,2025-09,2025,9,0
KotaPontianak,Kota,2025-10,2025,10,0
KotaPontianak,Kota,2025-11,2025,11,2
KotaPontianak,Kota,2025-12,2025,12,0
KotaPontianak,Kota,2026-01,2026,1,7
KotaPontianak,Kota,2026-02,2026,2,3
KotaPontianak,Kota,2026-03,2026,3,3
KotaPontianak,Kota,2026-04,2026,4,0
KotaPontianak,Kota,2026-05,2026,5,0
KotaPontianak,Kota,2026-06,2026,6,0
KotaPontianak,Kota,2026-07,2026,7,2
KotaPontianak,Kota,2026-08,2026,8,4
KubuRaya,Kabupaten,2012-01,2012,1,51
KubuRaya,Kabupaten,2012-02,2012,2,5
KubuRaya,Kabupaten,2012-03,2012,3,123
KubuRaya,Kabupaten,2012-04,2012,4,32
KubuRaya,Kabupaten,2012-05,2012,5,78
KubuRaya,Kabupaten,2012-06,2012,6,603
KubuRaya,Kabupaten,2012-07,2012,7,270
KubuRaya,Kabupaten,2012-08,2012,8,1162
KubuRaya,Kabupaten,2012-09,2012,9,874
KubuRaya,Kabupaten,2012-10,2012,10,273
KubuRaya,Kabupaten,2012-11,2012,11,1
KubuRaya,Kabupaten,2012-12,2012,12,0
KubuRaya,Kabupaten,2013-01,2013,1,315
KubuRaya,Kabupaten,2013-02,2013,2,57
KubuRaya,Kabupaten,2013-03,2013,3,422
KubuRaya,Kabupaten,2013-04,2013,4,8
KubuRaya,Kabupaten,2013-05,2013,5,7
KubuRaya,Kabupaten,2013-06,2013,6,260
KubuRaya,Kabupaten,2013-07,2013,7,52
KubuRaya,Kabupaten,2013-08,2013,8,305
KubuRaya,Kabupaten,2013-09,2013,9,176
KubuRaya,Kabupaten,2013-10,2013,10,450
KubuRaya,Kabupaten,2013-11,2013,11,2
KubuRaya,Kabupaten,2013-12,2013,12,0
KubuRaya,Kabupaten,2014-01,2014,1,725
KubuRaya,Kabupaten,2014-02,2014,2,2356
KubuRaya,Kabupaten,2014-03,2014,3,242
KubuRaya,Kabupaten,2014-04,2014,4,42
KubuRaya,Kabupaten,2014-05,2014,5,24
KubuRaya,Kabupaten,2014-06,2014,6,63
KubuRaya,Kabupaten,2014-07,2014,7,841
KubuRaya,Kabupaten,2014-08,2014,8,562
KubuRaya,Kabupaten,2014-09,2014,9,675
KubuRaya,Kabupaten,2014-10,2014,10,45
KubuRaya,Kabupaten,2014-11,2014,11,1
KubuRaya,Kabupaten,2014-12,2014,12,2
KubuRaya,Kabupaten,2015-01,2015,1,11
KubuRaya,Kabupaten,2015-02,2015,2,42
KubuRaya,Kabupaten,2015-03,2015,3,158
KubuRaya,Kabupaten,2015-04,2015,4,10
KubuRaya,Kabupaten,2015-05,2015,5,15
KubuRaya,Kabupaten,2015-06,2015,6,87
KubuRaya,Kabupaten,2015-07,2015,7,965
KubuRaya,Kabupaten,2015-08,2015,8,901
KubuRaya,Kabupaten,2015-09,2015,9,2776
KubuRaya,Kabupaten,2015-10,2015,10,199
KubuRaya,Kabupaten,2015-11,2015,11,6
KubuRaya,Kabupaten,2015-12,2015,12,22
KubuRaya,Kabupaten,2016-01,2016,1,1
KubuRaya,Kabupaten,2016-02,2016,2,4
KubuRaya,Kabupaten,2016-03,2016,3,60
KubuRaya,Kabupaten,2016-04,2016,4,7
KubuRaya,Kabupaten,2016-05,2016,5,2
KubuRaya,Kabupaten,2016-06,2016,6,10
KubuRaya,Kabupaten,2016-07,2016,7,121
KubuRaya,Kabupaten,2016-08,2016,8,565
KubuRaya,Kabupaten,2016-09,2016,9,184
KubuRaya,Kabupaten,2016-10,2016,10,47
KubuRaya,Kabupaten,2016-11,2016,11,2
KubuRaya,Kabupaten,2016-12,2016,12,20
KubuRaya,Kabupaten,2017-01,2017,1,93
KubuRaya,Kabupaten,2017-02,2017,2,97
KubuRaya,Kabupaten,2017-03,2017,3,15
KubuRaya,Kabupaten,2017-04,2017,4,8
KubuRaya,Kabupaten,2017-05,2017,5,9
KubuRaya,Kabupaten,2017-06,2017,6,15
KubuRaya,Kabupaten,2017-07,2017,7,146
KubuRaya,Kabupaten,2017-08,2017,8,131
KubuRaya,Kabupaten,2017-09,2017,9,25
KubuRaya,Kabupaten,2017-10,2017,10,18
KubuRaya,Kabupaten,2017-11,2017,11,3
KubuRaya,Kabupaten,2017-12,2017,12,35
KubuRaya,Kabupaten,2018-01,2018,1,12
KubuRaya,Kabupaten,2018-02,2018,2,661
KubuRaya,Kabupaten,2018-03,2018,3,30
KubuRaya,Kabupaten,2018-04,2018,4,18
KubuRaya,Kabupaten,2018-05,2018,5,16
KubuRaya,Kabupaten,2018-06,2018,6,6
KubuRaya,Kabupaten,2018-07,2018,7,426
KubuRaya,Kabupaten,2018-08,2018,8,3686
KubuRaya,Kabupaten,2018-09,2018,9,137
KubuRaya,Kabupaten,2018-10,2018,10,3
KubuRaya,Kabupaten,2018-11,2018,11,2
KubuRaya,Kabupaten,2018-12,2018,12,1
KubuRaya,Kabupaten,2019-01,2019,1,40
KubuRaya,Kabupaten,2019-02,2019,2,15
KubuRaya,Kabupaten,2019-03,2019,3,274
KubuRaya,Kabupaten,2019-04,2019,4,80
KubuRaya,Kabupaten,2019-05,2019,5,13
KubuRaya,Kabupaten,2019-06,2019,6,16
KubuRaya,Kabupaten,2019-07,2019,7,188
KubuRaya,Kabupaten,2019-08,2019,8,1164
KubuRaya,Kabupaten,2019-09,2019,9,1709
KubuRaya,Kabupaten,2019-10,2019,10,3
KubuRaya,Kabupaten,2019-11,2019,11,9
KubuRaya,Kabupaten,2019-12,2019,12,0
KubuRaya,Kabupaten,2020-01,2020,1,3
KubuRaya,Kabupaten,2020-02,2020,2,9
KubuRaya,Kabupaten,2020-03,2020,3,57
KubuRaya,Kabupaten,2020-04,2020,4,21
KubuRaya,Kabupaten,2020-05,2020,5,2
KubuRaya,Kabupaten,2020-06,2020,6,7
KubuRaya,Kabupaten,2020-07,2020,7,5
KubuRaya,Kabupaten,2020-08,2020,8,18
KubuRaya,Kabupaten,2020-09,2020,9,17
KubuRaya,Kabupaten,2020-10,2020,10,6
KubuRaya,Kabupaten,2020-11,2020,11,2
KubuRaya,Kabupaten,2020-12,2020,12,26
KubuRaya,Kabupaten,2021-01,2021,1,27
KubuRaya,Kabupaten,2021-02,2021,2,1095
KubuRaya,Kabupaten,2021-03,2021,3,55
KubuRaya,Kabupaten,2021-04,2021,4,47
KubuRaya,Kabupaten,2021-05,2021,5,5
KubuRaya,Kabupaten,2021-06,2021,6,6
KubuRaya,Kabupaten,2021-07,2021,7,34
KubuRaya,Kabupaten,2021-08,2021,8,29
KubuRaya,Kabupaten,2021-09,2021,9,19
KubuRaya,Kabupaten,2021-10,2021,10,14
KubuRaya,Kabupaten,2021-11,2021,11,0
KubuRaya,Kabupaten,2021-12,2021,12,9
KubuRaya,Kabupaten,2022-01,2022,1,31
KubuRaya,Kabupaten,2022-02,2022,2,31
KubuRaya,Kabupaten,2022-03,2022,3,228
KubuRaya,Kabupaten,2022-04,2022,4,95
KubuRaya,Kabupaten,2022-05,2022,5,10
KubuRaya,Kabupaten,2022-06,2022,6,5
KubuRaya,Kabupaten,2022-07,2022,7,14
KubuRaya,Kabupaten,2022-08,2022,8,17
KubuRaya,Kabupaten,2022-09,2022,9,1
KubuRaya,Kabupaten,2022-10,2022,10,0
KubuRaya,Kabupaten,2022-11,2022,11,9
KubuRaya,Kabupaten,2022-12,2022,12,10
KubuRaya,Kabupaten,2023-01,2023,1,58
KubuRaya,Kabupaten,2023-02,2023,2,62
KubuRaya,Kabupaten,2023-03,2023,3,2
KubuRaya,Kabupaten,2023-04,2023,4,30
KubuRaya,Kabupaten,2023-05,2023,5,31
KubuRaya,Kabupaten,2023-06,2023,6,44
KubuRaya,Kabupaten,2023-07,2023,7,76
KubuRaya,Kabupaten,2023-08,2023,8,680
KubuRaya,Kabupaten,2023-09,2023,9,569
KubuRaya,Kabupaten,2023-10,2023,10,23
KubuRaya,Kabupaten,2023-11,2023,11,5
KubuRaya,Kabupaten,2023-12,2023,12,0
KubuRaya,Kabupaten,2024-01,2024,1,3
KubuRaya,Kabupaten,2024-02,2024,2,7
KubuRaya,Kabupaten,2024-03,2024,3,18
KubuRaya,Kabupaten,2024-04,2024,4,0
KubuRaya,Kabupaten,2024-05,2024,5,2
KubuRaya,Kabupaten,2024-06,2024,6,9
KubuRaya,Kabupaten,2024-07,2024,7,117
KubuRaya,Kabupaten,2024-08,2024,8,24
KubuRaya,Kabupaten,2024-09,2024,9,49
KubuRaya,Kabupaten,2024-10,2024,10,72
KubuRaya,Kabupaten,2024-11,2024,11,1
KubuRaya,Kabupaten,2024-12,2024,12,7
KubuRaya,Kabupaten,2025-01,2025,1,0
KubuRaya,Kabupaten,2025-02,2025,2,32
KubuRaya,Kabupaten,2025-03,2025,3,2
KubuRaya,Kabupaten,2025-04,2025,4,1
KubuRaya,Kabupaten,2025-05,2025,5,23
KubuRaya,Kabupaten,2025-06,2025,6,65
KubuRaya,Kabupaten,2025-07,2025,7,366
KubuRaya,Kabupaten,2025-08,2025,8,50
KubuRaya,Kabupaten,2025-09,2025,9,22
KubuRaya,Kabupaten,2025-10,2025,10,7
KubuRaya,Kabupaten,2025-11,2025,11,9
KubuRaya,Kabupaten,2025-12,2025,12,6
KubuRaya,Kabupaten,2026-01,2026,1,294
KubuRaya,Kabupaten,2026-02,2026,2,181
KubuRaya,Kabupaten,2026-03,2026,3,472
KubuRaya,Kabupaten,2026-04,2026,4,5
KubuRaya,Kabupaten,2026-05,2026,5,7
KubuRaya,Kabupaten,2026-06,2026,6,15
KubuRaya,Kabupaten,2026-07,2026,7,544
KubuRaya,Kabupaten,2026-08,2026,8,1594
Landak,Kabupaten,2012-01,2012,1,1
Landak,Kabupaten,2012-02,2012,2,2
Landak,Kabupaten,2012-03,2012,3,24
Landak,Kabupaten,2012-04,2012,4,11
Landak,Kabupaten,2012-05,2012,5,32
Landak,Kabupaten,2012-06,2012,6,79
Landak,Kabupaten,2012-07,2012,7,68
Landak,Kabupaten,2012-08,2012,8,1160
Landak,Kabupaten,2012-09,2012,9,383
Landak,Kabupaten,2012-10,2012,10,56
Landak,Kabupaten,2012-11,2012,11,3
Landak,Kabupaten,2012-12,2012,12,0
Landak,Kabupaten,2013-01,2013,1,24
Landak,Kabupaten,2013-02,2013,2,1
Landak,Kabupaten,2013-03,2013,3,53
Landak,Kabupaten,2013-04,2013,4,5
Landak,Kabupaten,2013-05,2013,5,1
Landak,Kabupaten,2013-06,2013,6,77
Landak,Kabupaten,2013-07,2013,7,273
Landak,Kabupaten,2013-08,2013,8,1437
Landak,Kabupaten,2013-09,2013,9,90
Landak,Kabupaten,2013-10,2013,10,15
Landak,Kabupaten,2013-11,2013,11,5
Landak,Kabupaten,2013-12,2013,12,1
Landak,Kabupaten,2014-01,2014,1,85
Landak,Kabupaten,2014-02,2014,2,211
Landak,Kabupaten,2014-03,2014,3,22
Landak,Kabupaten,2014-04,2014,4,14
Landak,Kabupaten,2014-05,2014,5,14
Landak,Kabupaten,2014-06,2014,6,18
Landak,Kabupaten,2014-07,2014,7,492
Landak,Kabupaten,2014-08,2014,8,574
Landak,Kabupaten,2014-09,2014,9,328
Landak,Kabupaten,2014-10,2014,10,28
Landak,Kabupaten,2014-11,2014,11,3
Landak,Kabupaten,2014-12,2014,12,10
Landak,Kabupaten,2015-01,2015,1,2
Landak,Kabupaten,2015-02,2015,2,12
Landak,Kabupaten,2015-03,2015,3,19
Landak,Kabupaten,2015-04,2015,4,16
Landak,Kabupaten,2015-05,2015,5,15
Landak,Kabupaten,2015-06,2015,6,29
Landak,Kabupaten,2015-07,2015,7,171
Landak,Kabupaten,2015-08,2015,8,1243
Landak,Kabupaten,2015-09,2015,9,147
Landak,Kabupaten,2015-10,2015,10,11
Landak,Kabupaten,2015-11,2015,11,3
Landak,Kabupaten,2015-12,2015,12,3
Landak,Kabupaten,2016-01,2016,1,2
Landak,Kabupaten,2016-02,2016,2,0
Landak,Kabupaten,2016-03,2016,3,4
Landak,Kabupaten,2016-04,2016,4,3
Landak,Kabupaten,2016-05,2016,5,2
Landak,Kabupaten,2016-06,2016,6,7
Landak,Kabupaten,2016-07,2016,7,28
Landak,Kabupaten,2016-08,2016,8,944
Landak,Kabupaten,2016-09,2016,9,156
Landak,Kabupaten,2016-10,2016,10,17
Landak,Kabupaten,2016-11,2016,11,0
Landak,Kabupaten,2016-12,2016,12,5
Landak,Kabupaten,2017-01,2017,1,9
Landak,Kabupaten,2017-02,2017,2,5
Landak,Kabupaten,2017-03,2017,3,3
Landak,Kabupaten,2017-04,2017,4,2
Landak,Kabupaten,2017-05,2017,5,4
Landak,Kabupaten,2017-06,2017,6,9
Landak,Kabupaten,2017-07,2017,7,157
Landak,Kabupaten,2017-08,2017,8,429
Landak,Kabupaten,2017-09,2017,9,240
Landak,Kabupaten,2017-10,2017,10,38
Landak,Kabupaten,2017-11,2017,11,3
Landak,Kabupaten,2017-12,2017,12,8
Landak,Kabupaten,2018-01,2018,1,1
Landak,Kabupaten,2018-02,2018,2,51
Landak,Kabupaten,2018-03,2018,3,6
Landak,Kabupaten,2018-04,2018,4,11
Landak,Kabupaten,2018-05,2018,5,12
Landak,Kabupaten,2018-06,2018,6,19
Landak,Kabupaten,2018-07,2018,7,221
Landak,Kabupaten,2018-08,2018,8,1084
Landak,Kabupaten,2018-09,2018,9,76
Landak,Kabupaten,2018-10,2018,10,4
Landak,Kabupaten,2018-11,2018,11,1
Landak,Kabupaten,2018-12,2018,12,0
Landak,Kabupaten,2019-01,2019,1,7
Landak,Kabupaten,2019-02,2019,2,2
Landak,Kabupaten,2019-03,2019,3,11
Landak,Kabupaten,2019-04,2019,4,2
Landak,Kabupaten,2019-05,2019,5,7
Landak,Kabupaten,2019-06,2019,6,14
Landak,Kabupaten,2019-07,2019,7,125
Landak,Kabupaten,2019-08,2019,8,943
Landak,Kabupaten,2019-09,2019,9,148
Landak,Kabupaten,2019-10,2019,10,7
Landak,Kabupaten,2019-11,2019,11,12
Landak,Kabupaten,2019-12,2019,12,0
Landak,Kabupaten,2020-01,2020,1,1
Landak,Kabupaten,2020-02,2020,2,4
Landak,Kabupaten,2020-03,2020,3,11
Landak,Kabupaten,2020-04,2020,4,18
Landak,Kabupaten,2020-05,2020,5,23
Landak,Kabupaten,2020-06,2020,6,6
Landak,Kabupaten,2020-07,2020,7,1
Landak,Kabupaten,2020-08,2020,8,1076
Landak,Kabupaten,2020-09,2020,9,229
Landak,Kabupaten,2020-10,2020,10,33
Landak,Kabupaten,2020-11,2020,11,3
Landak,Kabupaten,2020-12,2020,12,7
Landak,Kabupaten,2021-01,2021,1,2
Landak,Kabupaten,2021-02,2021,2,43
Landak,Kabupaten,2021-03,2021,3,10
Landak,Kabupaten,2021-04,2021,4,17
Landak,Kabupaten,2021-05,2021,5,8
Landak,Kabupaten,2021-06,2021,6,7
Landak,Kabupaten,2021-07,2021,7,35
Landak,Kabupaten,2021-08,2021,8,235
Landak,Kabupaten,2021-09,2021,9,435
Landak,Kabupaten,2021-10,2021,10,88
Landak,Kabupaten,2021-11,2021,11,15
Landak,Kabupaten,2021-12,2021,12,10
Landak,Kabupaten,2022-01,2022,1,8
Landak,Kabupaten,2022-02,2022,2,9
Landak,Kabupaten,2022-03,2022,3,29
Landak,Kabupaten,2022-04,2022,4,35
Landak,Kabupaten,2022-05,2022,5,42
Landak,Kabupaten,2022-06,2022,6,9
Landak,Kabupaten,2022-07,2022,7,201
Landak,Kabupaten,2022-08,2022,8,471
Landak,Kabupaten,2022-09,2022,9,72
Landak,Kabupaten,2022-10,2022,10,6
Landak,Kabupaten,2022-11,2022,11,12
Landak,Kabupaten,2022-12,2022,12,20
Landak,Kabupaten,2023-01,2023,1,6
Landak,Kabupaten,2023-02,2023,2,18
Landak,Kabupaten,2023-03,2023,3,10
Landak,Kabupaten,2023-04,2023,4,68
Landak,Kabupaten,2023-05,2023,5,67
Landak,Kabupaten,2023-06,2023,6,60
Landak,Kabupaten,2023-07,2023,7,516
Landak,Kabupaten,2023-08,2023,8,934
Landak,Kabupaten,2023-09,2023,9,119
Landak,Kabupaten,2023-10,2023,10,33
Landak,Kabupaten,2023-11,2023,11,17
Landak,Kabupaten,2023-12,2023,12,13
Landak,Kabupaten,2024-01,2024,1,7
Landak,Kabupaten,2024-02,2024,2,6
Landak,Kabupaten,2024-03,2024,3,24
Landak,Kabupaten,2024-04,2024,4,7
Landak,Kabupaten,2024-05,2024,5,25
Landak,Kabupaten,2024-06,2024,6,27
Landak,Kabupaten,2024-07,2024,7,107
Landak,Kabupaten,2024-08,2024,8,207
Landak,Kabupaten,2024-09,2024,9,1016
Landak,Kabupaten,2024-10,2024,10,66
Landak,Kabupaten,2024-11,2024,11,0
Landak,Kabupaten,2024-12,2024,12,4
Landak,Kabupaten,2025-01,2025,1,4
Landak,Kabupaten,2025-02,2025,2,12
Landak,Kabupaten,2025-03,2025,3,35
Landak,Kabupaten,2025-04,2025,4,11
Landak,Kabupaten,2025-05,2025,5,49
Landak,Kabupaten,2025-06,2025,6,52
Landak,Kabupaten,2025-07,2025,7,500
Landak,Kabupaten,2025-08,2025,8,1273
Landak,Kabupaten,2025-09,2025,9,254
Landak,Kabupaten,2025-10,2025,10,45
Landak,Kabupaten,2025-11,2025,11,20
Landak,Kabupaten,2025-12,2025,12,10
Landak,Kabupaten,2026-01,2026,1,85
Landak,Kabupaten,2026-02,2026,2,21
Landak,Kabupaten,2026-03,2026,3,67
Landak,Kabupaten,2026-04,2026,4,18
Landak,Kabupaten,2026-05,2026,5,43
Landak,Kabupaten,2026-06,2026,6,19
Landak,Kabupaten,2026-07,2026,7,306
Landak,Kabupaten,2026-08,2026,8,1394
Melawi,Kabupaten,2012-01,2012,1,0
Melawi,Kabupaten,2012-02,2012,2,1
Melawi,Kabupaten,2012-03,2012,3,9
Melawi,Kabupaten,2012-04,2012,4,11
Melawi,Kabupaten,2012-05,2012,5,28
Melawi,Kabupaten,2012-06,2012,6,44
Melawi,Kabupaten,2012-07,2012,7,30
Melawi,Kabupaten,2012-08,2012,8,580
Melawi,Kabupaten,2012-09,2012,9,587
Melawi,Kabupaten,2012-10,2012,10,6
Melawi,Kabupaten,2012-11,2012,11,6
Melawi,Kabupaten,2012-12,2012,12,0
Melawi,Kabupaten,2013-01,2013,1,1
Melawi,Kabupaten,2013-02,2013,2,0
Melawi,Kabupaten,2013-03,2013,3,5
Melawi,Kabupaten,2013-04,2013,4,10
Melawi,Kabupaten,2013-05,2013,5,8
Melawi,Kabupaten,2013-06,2013,6,38
Melawi,Kabupaten,2013-07,2013,7,5
Melawi,Kabupaten,2013-08,2013,8,536
Melawi,Kabupaten,2013-09,2013,9,371
Melawi,Kabupaten,2013-10,2013,10,77
Melawi,Kabupaten,2013-11,2013,11,6
Melawi,Kabupaten,2013-12,2013,12,2
Melawi,Kabupaten,2014-01,2014,1,10
Melawi,Kabupaten,2014-02,2014,2,60
Melawi,Kabupaten,2014-03,2014,3,16
Melawi,Kabupaten,2014-04,2014,4,12
Melawi,Kabupaten,2014-05,2014,5,6
Melawi,Kabupaten,2014-06,2014,6,12
Melawi,Kabupaten,2014-07,2014,7,569
Melawi,Kabupaten,2014-08,2014,8,758
Melawi,Kabupaten,2014-09,2014,9,158
Melawi,Kabupaten,2014-10,2014,10,25
Melawi,Kabupaten,2014-11,2014,11,3
Melawi,Kabupaten,2014-12,2014,12,4
Melawi,Kabupaten,2015-01,2015,1,1
Melawi,Kabupaten,2015-02,2015,2,2
Melawi,Kabupaten,2015-03,2015,3,5
Melawi,Kabupaten,2015-04,2015,4,7
Melawi,Kabupaten,2015-05,2015,5,9
Melawi,Kabupaten,2015-06,2015,6,11
Melawi,Kabupaten,2015-07,2015,7,187
Melawi,Kabupaten,2015-08,2015,8,1621
Melawi,Kabupaten,2015-09,2015,9,602
Melawi,Kabupaten,2015-10,2015,10,19
Melawi,Kabupaten,2015-11,2015,11,6
Melawi,Kabupaten,2015-12,2015,12,8
Melawi,Kabupaten,2016-01,2016,1,1
Melawi,Kabupaten,2016-02,2016,2,3
Melawi,Kabupaten,2016-03,2016,3,0
Melawi,Kabupaten,2016-04,2016,4,2
Melawi,Kabupaten,2016-05,2016,5,12
Melawi,Kabupaten,2016-06,2016,6,2
Melawi,Kabupaten,2016-07,2016,7,18
Melawi,Kabupaten,2016-08,2016,8,523
Melawi,Kabupaten,2016-09,2016,9,463
Melawi,Kabupaten,2016-10,2016,10,46
Melawi,Kabupaten,2016-11,2016,11,3
Melawi,Kabupaten,2016-12,2016,12,1
Melawi,Kabupaten,2017-01,2017,1,2
Melawi,Kabupaten,2017-02,2017,2,4
Melawi,Kabupaten,2017-03,2017,3,0
Melawi,Kabupaten,2017-04,2017,4,10
Melawi,Kabupaten,2017-05,2017,5,6
Melawi,Kabupaten,2017-06,2017,6,25
Melawi,Kabupaten,2017-07,2017,7,12
Melawi,Kabupaten,2017-08,2017,8,124
Melawi,Kabupaten,2017-09,2017,9,288
Melawi,Kabupaten,2017-10,2017,10,31
Melawi,Kabupaten,2017-11,2017,11,0
Melawi,Kabupaten,2017-12,2017,12,3
Melawi,Kabupaten,2018-01,2018,1,0
Melawi,Kabupaten,2018-02,2018,2,4
Melawi,Kabupaten,2018-03,2018,3,1
Melawi,Kabupaten,2018-04,2018,4,2
Melawi,Kabupaten,2018-05,2018,5,3
Melawi,Kabupaten,2018-06,2018,6,23
Melawi,Kabupaten,2018-07,2018,7,132
Melawi,Kabupaten,2018-08,2018,8,789
Melawi,Kabupaten,2018-09,2018,9,352
Melawi,Kabupaten,2018-10,2018,10,1
Melawi,Kabupaten,2018-11,2018,11,9
Melawi,Kabupaten,2018-12,2018,12,0
Melawi,Kabupaten,2019-01,2019,1,1
Melawi,Kabupaten,2019-02,2019,2,2
Melawi,Kabupaten,2019-03,2019,3,0
Melawi,Kabupaten,2019-04,2019,4,0
Melawi,Kabupaten,2019-05,2019,5,9
Melawi,Kabupaten,2019-06,2019,6,8
Melawi,Kabupaten,2019-07,2019,7,49
Melawi,Kabupaten,2019-08,2019,8,555
Melawi,Kabupaten,2019-09,2019,9,1138
Melawi,Kabupaten,2019-10,2019,10,25
Melawi,Kabupaten,2019-11,2019,11,5
Melawi,Kabupaten,2019-12,2019,12,0
Melawi,Kabupaten,2020-01,2020,1,1
Melawi,Kabupaten,2020-02,2020,2,0
Melawi,Kabupaten,2020-03,2020,3,0
Melawi,Kabupaten,2020-04,2020,4,2
Melawi,Kabupaten,2020-05,2020,5,2
Melawi,Kabupaten,2020-06,2020,6,2
Melawi,Kabupaten,2020-07,2020,7,9
Melawi,Kabupaten,2020-08,2020,8,158
Melawi,Kabupaten,2020-09,2020,9,161
Melawi,Kabupaten,2020-10,2020,10,108
Melawi,Kabupaten,2020-11,2020,11,8
Melawi,Kabupaten,2020-12,2020,12,3
Melawi,Kabupaten,2021-01,2021,1,1
Melawi,Kabupaten,2021-02,2021,2,18
Melawi,Kabupaten,2021-03,2021,3,7
Melawi,Kabupaten,2021-04,2021,4,7
Melawi,Kabupaten,2021-05,2021,5,7
Melawi,Kabupaten,2021-06,2021,6,2
Melawi,Kabupaten,2021-07,2021,7,37
Melawi,Kabupaten,2021-08,2021,8,14
Melawi,Kabupaten,2021-09,2021,9,311
Melawi,Kabupaten,2021-10,2021,10,90
Melawi,Kabupaten,2021-11,2021,11,4
Melawi,Kabupaten,2021-12,2021,12,5
Melawi,Kabupaten,2022-01,2022,1,1
Melawi,Kabupaten,2022-02,2022,2,10
Melawi,Kabupaten,2022-03,2022,3,7
Melawi,Kabupaten,2022-04,2022,4,9
Melawi,Kabupaten,2022-05,2022,5,14
Melawi,Kabupaten,2022-06,2022,6,7
Melawi,Kabupaten,2022-07,2022,7,72
Melawi,Kabupaten,2022-08,2022,8,288
Melawi,Kabupaten,2022-09,2022,9,115
Melawi,Kabupaten,2022-10,2022,10,1
Melawi,Kabupaten,2022-11,2022,11,4
Melawi,Kabupaten,2022-12,2022,12,2
Melawi,Kabupaten,2023-01,2023,1,7
Melawi,Kabupaten,2023-02,2023,2,2
Melawi,Kabupaten,2023-03,2023,3,7
Melawi,Kabupaten,2023-04,2023,4,10
Melawi,Kabupaten,2023-05,2023,5,14
Melawi,Kabupaten,2023-06,2023,6,24
Melawi,Kabupaten,2023-07,2023,7,219
Melawi,Kabupaten,2023-08,2023,8,783
Melawi,Kabupaten,2023-09,2023,9,201
Melawi,Kabupaten,2023-10,2023,10,19
Melawi,Kabupaten,2023-11,2023,11,7
Melawi,Kabupaten,2023-12,2023,12,4
Melawi,Kabupaten,2024-01,2024,1,5
Melawi,Kabupaten,2024-02,2024,2,1
Melawi,Kabupaten,2024-03,2024,3,5
Melawi,Kabupaten,2024-04,2024,4,2
Melawi,Kabupaten,2024-05,2024,5,1
Melawi,Kabupaten,2024-06,2024,6,14
Melawi,Kabupaten,2024-07,2024,7,14
Melawi,Kabupaten,2024-08,2024,8,295
Melawi,Kabupaten,2024-09,2024,9,619
Melawi,Kabupaten,2024-10,2024,10,21
Melawi,Kabupaten,2024-11,2024,11,1
Melawi,Kabupaten,2024-12,2024,12,0
Melawi,Kabupaten,2025-01,2025,1,1
Melawi,Kabupaten,2025-02,2025,2,1
Melawi,Kabupaten,2025-03,2025,3,4
Melawi,Kabupaten,2025-04,2025,4,1
Melawi,Kabupaten,2025-05,2025,5,10
Melawi,Kabupaten,2025-06,2025,6,9
Melawi,Kabupaten,2025-07,2025,7,135
Melawi,Kabupaten,2025-08,2025,8,611
Melawi,Kabupaten,2025-09,2025,9,327
Melawi,Kabupaten,2025-10,2025,10,20
Melawi,Kabupaten,2025-11,2025,11,3
Melawi,Kabupaten,2025-12,2025,12,1
Melawi,Kabupaten,2026-01,2026,1,19
Melawi,Kabupaten,2026-02,2026,2,1
Melawi,Kabupaten,2026-03,2026,3,7
Melawi,Kabupaten,2026-04,2026,4,8
Melawi,Kabupaten,2026-05,2026,5,2
Melawi,Kabupaten,2026-06,2026,6,15
Melawi,Kabupaten,2026-07,2026,7,105
Melawi,Kabupaten,2026-08,2026,8,1614
Pontianak,Kabupaten,2012-01,2012,1,8
Pontianak,Kabupaten,2012-02,2012,2,7
Pontianak,Kabupaten,2012-03,2012,3,51
Pontianak,Kabupaten,2012-04,2012,4,26
Pontianak,Kabupaten,2012-05,2012,5,155
Pontianak,Kabupaten,2012-06,2012,6,94
Pontianak,Kabupaten,2012-07,2012,7,34
Pontianak,Kabupaten,2012-08,2012,8,297
Pontianak,Kabupaten,2012-09,2012,9,243
Pontianak,Kabupaten,2012-10,2012,10,338
Pontianak,Kabupaten,2012-11,2012,11,0
Pontianak,Kabupaten,2012-12,2012,12,0
Pontianak,Kabupaten,2013-01,2013,1,84
Pontianak,Kabupaten,2013-02,2013,2,7
Pontianak,Kabupaten,2013-03,2013,3,293
Pontianak,Kabupaten,2013-04,2013,4,9
Pontianak,Kabupaten,2013-05,2013,5,4
Pontianak,Kabupaten,2013-06,2013,6,275
Pontianak,Kabupaten,2013-07,2013,7,12
Pontianak,Kabupaten,2013-08,2013,8,275
Pontianak,Kabupaten,2013-09,2013,9,81
Pontianak,Kabupaten,2013-10,2013,10,848
Pontianak,Kabupaten,2013-11,2013,11,3
Pontianak,Kabupaten,2013-12,2013,12,0
Pontianak,Kabupaten,2014-01,2014,1,505
Pontianak,Kabupaten,2014-02,2014,2,1707
Pontianak,Kabupaten,2014-03,2014,3,272
Pontianak,Kabupaten,2014-04,2014,4,78
Pontianak,Kabupaten,2014-05,2014,5,0
Pontianak,Kabupaten,2014-06,2014,6,31
Pontianak,Kabupaten,2014-07,2014,7,556
Pontianak,Kabupaten,2014-08,2014,8,187
Pontianak,Kabupaten,2014-09,2014,9,49
Pontianak,Kabupaten,2014-10,2014,10,2
Pontianak,Kabupaten,2014-11,2014,11,1
Pontianak,Kabupaten,2014-12,2014,12,1
Pontianak,Kabupaten,2015-01,2015,1,1
Pontianak,Kabupaten,2015-02,2015,2,13
Pontianak,Kabupaten,2015-03,2015,3,35
Pontianak,Kabupaten,2015-04,2015,4,7
Pontianak,Kabupaten,2015-05,2015,5,10
Pontianak,Kabupaten,2015-06,2015,6,12
Pontianak,Kabupaten,2015-07,2015,7,97
Pontianak,Kabupaten,2015-08,2015,8,166
Pontianak,Kabupaten,2015-09,2015,9,273
Pontianak,Kabupaten,2015-10,2015,10,6
Pontianak,Kabupaten,2015-11,2015,11,1
Pontianak,Kabupaten,2015-12,2015,12,3
Pontianak,Kabupaten,2016-01,2016,1,0
Pontianak,Kabupaten,2016-02,2016,2,0
Pontianak,Kabupaten,2016-03,2016,3,13
Pontianak,Kabupaten,2016-04,2016,4,6
Pontianak,Kabupaten,2016-05,2016,5,1
Pontianak,Kabupaten,2016-06,2016,6,1
Pontianak,Kabupaten,2016-07,2016,7,8
Pontianak,Kabupaten,2016-08,2016,8,360
Pontianak,Kabupaten,2016-09,2016,9,48
Pontianak,Kabupaten,2016-10,2016,10,22
Pontianak,Kabupaten,2016-11,2016,11,1
Pontianak,Kabupaten,2016-12,2016,12,3
Pontianak,Kabupaten,2017-01,2017,1,27
Pontianak,Kabupaten,2017-02,2017,2,10
Pontianak,Kabupaten,2017-03,2017,3,20
Pontianak,Kabupaten,2017-04,2017,4,31
Pontianak,Kabupaten,2017-05,2017,5,3
Pontianak,Kabupaten,2017-06,2017,6,5
Pontianak,Kabupaten,2017-07,2017,7,20
Pontianak,Kabupaten,2017-08,2017,8,22
Pontianak,Kabupaten,2017-09,2017,9,10
Pontianak,Kabupaten,2017-10,2017,10,18
Pontianak,Kabupaten,2017-11,2017,11,2
Pontianak,Kabupaten,2017-12,2017,12,7
Pontianak,Kabupaten,2018-01,2018,1,8
Pontianak,Kabupaten,2018-02,2018,2,499
Pontianak,Kabupaten,2018-03,2018,3,118
Pontianak,Kabupaten,2018-04,2018,4,29
Pontianak,Kabupaten,2018-05,2018,5,5
Pontianak,Kabupaten,2018-06,2018,6,4
Pontianak,Kabupaten,2018-07,2018,7,102
Pontianak,Kabupaten,2018-08,2018,8,439
Pontianak,Kabupaten,2018-09,2018,9,94
Pontianak,Kabupaten,2018-10,2018,10,0
Pontianak,Kabupaten,2018-11,2018,11,0
Pontianak,Kabupaten,2018-12,2018,12,3
Pontianak,Kabupaten,2019-01,2019,1,3
Pontianak,Kabupaten,2019-02,2019,2,1
Pontianak,Kabupaten,2019-03,2019,3,76
Pontianak,Kabupaten,2019-04,2019,4,107
Pontianak,Kabupaten,2019-05,2019,5,21
Pontianak,Kabupaten,2019-06,2019,6,1
Pontianak,Kabupaten,2019-07,2019,7,83
Pontianak,Kabupaten,2019-08,2019,8,964
Pontianak,Kabupaten,2019-09,2019,9,236
Pontianak,Kabupaten,2019-10,2019,10,1
Pontianak,Kabupaten,2019-11,2019,11,1
Pontianak,Kabupaten,2019-12,2019,12,0
Pontianak,Kabupaten,2020-01,2020,1,1
Pontianak,Kabupaten,2020-02,2020,2,1
Pontianak,Kabupaten,2020-03,2020,3,18
Pontianak,Kabupaten,2020-04,2020,4,16
Pontianak,Kabupaten,2020-05,2020,5,2
Pontianak,Kabupaten,2020-06,2020,6,2
Pontianak,Kabupaten,2020-07,2020,7,1
Pontianak,Kabupaten,2020-08,2020,8,43
Pontianak,Kabupaten,2020-09,2020,9,19
Pontianak,Kabupaten,2020-10,2020,10,6
Pontianak,Kabupaten,2020-11,2020,11,0
Pontianak,Kabupaten,2020-12,2020,12,10
Pontianak,Kabupaten,2021-01,2021,1,4
Pontianak,Kabupaten,2021-02,2021,2,266
Pontianak,Kabupaten,2021-03,2021,3,35
Pontianak,Kabupaten,2021-04,2021,4,27
Pontianak,Kabupaten,2021-05,2021,5,2
Pontianak,Kabupaten,2021-06,2021,6,1
Pontianak,Kabupaten,2021-07,2021,7,16
Pontianak,Kabupaten,2021-08,2021,8,13
Pontianak,Kabupaten,2021-09,2021,9,4
Pontianak,Kabupaten,2021-10,2021,10,8
Pontianak,Kabupaten,2021-11,2021,11,4
Pontianak,Kabupaten,2021-12,2021,12,13
Pontianak,Kabupaten,2022-01,2022,1,12
Pontianak,Kabupaten,2022-02,2022,2,14
Pontianak,Kabupaten,2022-03,2022,3,347
Pontianak,Kabupaten,2022-04,2022,4,255
Pontianak,Kabupaten,2022-05,2022,5,15
Pontianak,Kabupaten,2022-06,2022,6,1
Pontianak,Kabupaten,2022-07,2022,7,65
Pontianak,Kabupaten,2022-08,2022,8,4
Pontianak,Kabupaten,2022-09,2022,9,4
Pontianak,Kabupaten,2022-10,2022,10,0
Pontianak,Kabupaten,2022-11,2022,11,4
Pontianak,Kabupaten,2022-12,2022,12,9
Pontianak,Kabupaten,2023-01,2023,1,10
Pontianak,Kabupaten,2023-02,2023,2,74
Pontianak,Kabupaten,2023-03,2023,3,2
Pontianak,Kabupaten,2023-04,2023,4,61
Pontianak,Kabupaten,2023-05,2023,5,14
Pontianak,Kabupaten,2023-06,2023,6,36
Pontianak,Kabupaten,2023-07,2023,7,79
Pontianak,Kabupaten,2023-08,2023,8,70
Pontianak,Kabupaten,2023-09,2023,9,295
Pontianak,Kabupaten,2023-10,2023,10,97
Pontianak,Kabupaten,2023-11,2023,11,2
Pontianak,Kabupaten,2023-12,2023,12,0
Pontianak,Kabupaten,2024-01,2024,1,0
Pontianak,Kabupaten,2024-02,2024,2,11
Pontianak,Kabupaten,2024-03,2024,3,13
Pontianak,Kabupaten,2024-04,2024,4,2
Pontianak,Kabupaten,2024-05,2024,5,2
Pontianak,Kabupaten,2024-06,2024,6,8
Pontianak,Kabupaten,2024-07,2024,7,23
Pontianak,Kabupaten,2024-08,2024,8,0
Pontianak,Kabupaten,2024-09,2024,9,51
Pontianak,Kabupaten,2024-10,2024,10,30
Pontianak,Kabupaten,2024-11,2024,11,0
Pontianak,Kabupaten,2024-12,2024,12,2
Pontianak,Kabupaten,2025-01,2025,1,1
Pontianak,Kabupaten,2025-02,2025,2,7
Pontianak,Kabupaten,2025-03,2025,3,1
Pontianak,Kabupaten,2025-04,2025,4,14
Pontianak,Kabupaten,2025-05,2025,5,21
Pontianak,Kabupaten,2025-06,2025,6,13
Pontianak,Kabupaten,2025-07,2025,7,739
Pontianak,Kabupaten,2025-08,2025,8,35
Pontianak,Kabupaten,2025-09,2025,9,13
Pontianak,Kabupaten,2025-10,2025,10,4
Pontianak,Kabupaten,2025-11,2025,11,28
Pontianak,Kabupaten,2025-12,2025,12,2
Pontianak,Kabupaten,2026-01,2026,1,175
Pontianak,Kabupaten,2026-02,2026,2,164
Pontianak,Kabupaten,2026-03,2026,3,476
Pontianak,Kabupaten,2026-04,2026,4,3
Pontianak,Kabupaten,2026-05,2026,5,3
Pontianak,Kabupaten,2026-06,2026,6,11
Pontianak,Kabupaten,2026-07,2026,7,35
Pontianak,Kabupaten,2026-08,2026,8,200
Sambas,Kabupaten,2012-01,2012,1,3
Sambas,Kabupaten,2012-02,2012,2,0
Sambas,Kabupaten,2012-03,2012,3,70
Sambas,Kabupaten,2012-04,2012,4,121
Sambas,Kabupaten,2012-05,2012,5,476
Sambas,Kabupaten,2012-06,2012,6,970
Sambas,Kabupaten,2012-07,2012,7,73
Sambas,Kabupaten,2012-08,2012,8,327
Sambas,Kabupaten,2012-09,2012,9,425
Sambas,Kabupaten,2012-10,2012,10,136
Sambas,Kabupaten,2012-11,2012,11,1
Sambas,Kabupaten,2012-12,2012,12,2
Sambas,Kabupaten,2013-01,2013,1,30
Sambas,Kabupaten,2013-02,2013,2,6
Sambas,Kabupaten,2013-03,2013,3,229
Sambas,Kabupaten,2013-04,2013,4,36
Sambas,Kabupaten,2013-05,2013,5,17
Sambas,Kabupaten,2013-06,2013,6,629
Sambas,Kabupaten,2013-07,2013,7,116
Sambas,Kabupaten,2013-08,2013,8,229
Sambas,Kabupaten,2013-09,2013,9,159
Sambas,Kabupaten,2013-10,2013,10,60
Sambas,Kabupaten,2013-11,2013,11,8
Sambas,Kabupaten,2013-12,2013,12,3
Sambas,Kabupaten,2014-01,2014,1,244
Sambas,Kabupaten,2014-02,2014,2,944
Sambas,Kabupaten,2014-03,2014,3,338
Sambas,Kabupaten,2014-04,2014,4,92
Sambas,Kabupaten,2014-05,2014,5,89
Sambas,Kabupaten,2014-06,2014,6,911
Sambas,Kabupaten,2014-07,2014,7,5285
Sambas,Kabupaten,2014-08,2014,8,143
Sambas,Kabupaten,2014-09,2014,9,37
Sambas,Kabupaten,2014-10,2014,10,4
Sambas,Kabupaten,2014-11,2014,11,0
Sambas,Kabupaten,2014-12,2014,12,10
Sambas,Kabupaten,2015-01,2015,1,0
Sambas,Kabupaten,2015-02,2015,2,1
Sambas,Kabupaten,2015-03,2015,3,105
Sambas,Kabupaten,2015-04,2015,4,25
Sambas,Kabupaten,2015-05,2015,5,85
Sambas,Kabupaten,2015-06,2015,6,48
Sambas,Kabupaten,2015-07,2015,7,382
Sambas,Kabupaten,2015-08,2015,8,71
Sambas,Kabupaten,2015-09,2015,9,71
Sambas,Kabupaten,2015-10,2015,10,9
Sambas,Kabupaten,2015-11,2015,11,0
Sambas,Kabupaten,2015-12,2015,12,24
Sambas,Kabupaten,2016-01,2016,1,1
Sambas,Kabupaten,2016-02,2016,2,0
Sambas,Kabupaten,2016-03,2016,3,37
Sambas,Kabupaten,2016-04,2016,4,27
Sambas,Kabupaten,2016-05,2016,5,11
Sambas,Kabupaten,2016-06,2016,6,2
Sambas,Kabupaten,2016-07,2016,7,79
Sambas,Kabupaten,2016-08,2016,8,625
Sambas,Kabupaten,2016-09,2016,9,54
Sambas,Kabupaten,2016-10,2016,10,26
Sambas,Kabupaten,2016-11,2016,11,3
Sambas,Kabupaten,2016-12,2016,12,8
Sambas,Kabupaten,2017-01,2017,1,22
Sambas,Kabupaten,2017-02,2017,2,1
Sambas,Kabupaten,2017-03,2017,3,13
Sambas,Kabupaten,2017-04,2017,4,7
Sambas,Kabupaten,2017-05,2017,5,17
Sambas,Kabupaten,2017-06,2017,6,26
Sambas,Kabupaten,2017-07,2017,7,96
Sambas,Kabupaten,2017-08,2017,8,21
Sambas,Kabupaten,2017-09,2017,9,13
Sambas,Kabupaten,2017-10,2017,10,30
Sambas,Kabupaten,2017-11,2017,11,0
Sambas,Kabupaten,2017-12,2017,12,2
Sambas,Kabupaten,2018-01,2018,1,0
Sambas,Kabupaten,2018-02,2018,2,73
Sambas,Kabupaten,2018-03,2018,3,8
Sambas,Kabupaten,2018-04,2018,4,11
Sambas,Kabupaten,2018-05,2018,5,12
Sambas,Kabupaten,2018-06,2018,6,10
Sambas,Kabupaten,2018-07,2018,7,292
Sambas,Kabupaten,2018-08,2018,8,1925
Sambas,Kabupaten,2018-09,2018,9,65
Sambas,Kabupaten,2018-10,2018,10,1
Sambas,Kabupaten,2018-11,2018,11,4
Sambas,Kabupaten,2018-12,2018,12,1
Sambas,Kabupaten,2019-01,2019,1,5
Sambas,Kabupaten,2019-02,2019,2,2
Sambas,Kabupaten,2019-03,2019,3,51
Sambas,Kabupaten,2019-04,2019,4,67
Sambas,Kabupaten,2019-05,2019,5,244
Sambas,Kabupaten,2019-06,2019,6,3
Sambas,Kabupaten,2019-07,2019,7,44
Sambas,Kabupaten,2019-08,2019,8,484
Sambas,Kabupaten,2019-09,2019,9,501
Sambas,Kabupaten,2019-10,2019,10,1
Sambas,Kabupaten,2019-11,2019,11,0
Sambas,Kabupaten,2019-12,2019,12,0
Sambas,Kabupaten,2020-01,2020,1,2
Sambas,Kabupaten,2020-02,2020,2,11
Sambas,Kabupaten,2020-03,2020,3,20
Sambas,Kabupaten,2020-04,2020,4,16
Sambas,Kabupaten,2020-05,2020,5,10
Sambas,Kabupaten,2020-06,2020,6,4
Sambas,Kabupaten,2020-07,2020,7,3
Sambas,Kabupaten,2020-08,2020,8,10
Sambas,Kabupaten,2020-09,2020,9,5
Sambas,Kabupaten,2020-10,2020,10,16
Sambas,Kabupaten,2020-11,2020,11,0
Sambas,Kabupaten,2020-12,2020,12,0
Sambas,Kabupaten,2021-01,2021,1,1
Sambas,Kabupaten,2021-02,2021,2,92
Sambas,Kabupaten,2021-03,2021,3,44
Sambas,Kabupaten,2021-04,2021,4,153
Sambas,Kabupaten,2021-05,2021,5,69
Sambas,Kabupaten,2021-06,2021,6,7
Sambas,Kabupaten,2021-07,2021,7,93
Sambas,Kabupaten,2021-08,2021,8,54
Sambas,Kabupaten,2021-09,2021,9,11
Sambas,Kabupaten,2021-10,2021,10,16
Sambas,Kabupaten,2021-11,2021,11,9
Sambas,Kabupaten,2021-12,2021,12,2
Sambas,Kabupaten,2022-01,2022,1,3
Sambas,Kabupaten,2022-02,2022,2,3
Sambas,Kabupaten,2022-03,2022,3,390
Sambas,Kabupaten,2022-04,2022,4,25
Sambas,Kabupaten,2022-05,2022,5,15
Sambas,Kabupaten,2022-06,2022,6,2
Sambas,Kabupaten,2022-07,2022,7,33
Sambas,Kabupaten,2022-08,2022,8,17
Sambas,Kabupaten,2022-09,2022,9,5
Sambas,Kabupaten,2022-10,2022,10,3
Sambas,Kabupaten,2022-11,2022,11,1
Sambas,Kabupaten,2022-12,2022,12,5
Sambas,Kabupaten,2023-01,2023,1,2
Sambas,Kabupaten,2023-02,2023,2,8
Sambas,Kabupaten,2023-03,2023,3,0
Sambas,Kabupaten,2023-04,2023,4,49
Sambas,Kabupaten,2023-05,2023,5,41
Sambas,Kabupaten,2023-06,2023,6,98
Sambas,Kabupaten,2023-07,2023,7,233
Sambas,Kabupaten,2023-08,2023,8,233
Sambas,Kabupaten,2023-09,2023,9,292
Sambas,Kabupaten,2023-10,2023,10,10
Sambas,Kabupaten,2023-11,2023,11,1
Sambas,Kabupaten,2023-12,2023,12,1
Sambas,Kabupaten,2024-01,2024,1,2
Sambas,Kabupaten,2024-02,2024,2,5
Sambas,Kabupaten,2024-03,2024,3,101
Sambas,Kabupaten,2024-04,2024,4,39
Sambas,Kabupaten,2024-05,2024,5,6
Sambas,Kabupaten,2024-06,2024,6,2
Sambas,Kabupaten,2024-07,2024,7,15
Sambas,Kabupaten,2024-08,2024,8,2
Sambas,Kabupaten,2024-09,2024,9,58
Sambas,Kabupaten,2024-10,2024,10,179
Sambas,Kabupaten,2024-11,2024,11,18
Sambas,Kabupaten,2024-12,2024,12,0
Sambas,Kabupaten,2025-01,2025,1,0
Sambas,Kabupaten,2025-02,2025,2,1
Sambas,Kabupaten,2025-03,2025,3,1
Sambas,Kabupaten,2025-04,2025,4,8
Sambas,Kabupaten,2025-05,2025,5,52
Sambas,Kabupaten,2025-06,2025,6,39
Sambas,Kabupaten,2025-07,2025,7,622
Sambas,Kabupaten,2025-08,2025,8,37
Sambas,Kabupaten,2025-09,2025,9,37
Sambas,Kabupaten,2025-10,2025,10,21
Sambas,Kabupaten,2025-11,2025,11,18
Sambas,Kabupaten,2025-12,2025,12,0
Sambas,Kabupaten,2026-01,2026,1,132
Sambas,Kabupaten,2026-02,2026,2,14
Sambas,Kabupaten,2026-03,2026,3,91
Sambas,Kabupaten,2026-04,2026,4,92
Sambas,Kabupaten,2026-05,2026,5,30
Sambas,Kabupaten,2026-06,2026,6,9
Sambas,Kabupaten,2026-07,2026,7,35
Sambas,Kabupaten,2026-08,2026,8,209
Sanggau,Kabupaten,2012-01,2012,1,2
Sanggau,Kabupaten,2012-02,2012,2,1
Sanggau,Kabupaten,2012-03,2012,3,8
Sanggau,Kabupaten,2012-04,2012,4,11
Sanggau,Kabupaten,2012-05,2012,5,38
Sanggau,Kabupaten,2012-06,2012,6,111
Sanggau,Kabupaten,2012-07,2012,7,157
Sanggau,Kabupaten,2012-08,2012,8,2304
Sanggau,Kabupaten,2012-09,2012,9,1138
Sanggau,Kabupaten,2012-10,2012,10,34
Sanggau,Kabupaten,2012-11,2012,11,4
Sanggau,Kabupaten,2012-12,2012,12,8
Sanggau,Kabupaten,2013-01,2013,1,35
Sanggau,Kabupaten,2013-02,2013,2,7
Sanggau,Kabupaten,2013-03,2013,3,75
Sanggau,Kabupaten,2013-04,2013,4,1
Sanggau,Kabupaten,2013-05,2013,5,1
Sanggau,Kabupaten,2013-06,2013,6,89
Sanggau,Kabupaten,2013-07,2013,7,149
Sanggau,Kabupaten,2013-08,2013,8,2840
Sanggau,Kabupaten,2013-09,2013,9,583
Sanggau,Kabupaten,2013-10,2013,10,62
Sanggau,Kabupaten,2013-11,2013,11,3
Sanggau,Kabupaten,2013-12,2013,12,1
Sanggau,Kabupaten,2014-01,2014,1,55
Sanggau,Kabupaten,2014-02,2014,2,112
Sanggau,Kabupaten,2014-03,2014,3,29
Sanggau,Kabupaten,2014-04,2014,4,23
Sanggau,Kabupaten,2014-05,2014,5,29
Sanggau,Kabupaten,2014-06,2014,6,48
Sanggau,Kabupaten,2014-07,2014,7,1612
Sanggau,Kabupaten,2014-08,2014,8,1580
Sanggau,Kabupaten,2014-09,2014,9,798
Sanggau,Kabupaten,2014-10,2014,10,39
Sanggau,Kabupaten,2014-11,2014,11,18
Sanggau,Kabupaten,2014-12,2014,12,12
Sanggau,Kabupaten,2015-01,2015,1,3
Sanggau,Kabupaten,2015-02,2015,2,15
Sanggau,Kabupaten,2015-03,2015,3,22
Sanggau,Kabupaten,2015-04,2015,4,9
Sanggau,Kabupaten,2015-05,2015,5,25
Sanggau,Kabupaten,2015-06,2015,6,46
Sanggau,Kabupaten,2015-07,2015,7,361
Sanggau,Kabupaten,2015-08,2015,8,3271
Sanggau,Kabupaten,2015-09,2015,9,410
Sanggau,Kabupaten,2015-10,2015,10,33
Sanggau,Kabupaten,2015-11,2015,11,3
Sanggau,Kabupaten,2015-12,2015,12,19
Sanggau,Kabupaten,2016-01,2016,1,5
Sanggau,Kabupaten,2016-02,2016,2,0
Sanggau,Kabupaten,2016-03,2016,3,2
Sanggau,Kabupaten,2016-04,2016,4,5
Sanggau,Kabupaten,2016-05,2016,5,12
Sanggau,Kabupaten,2016-06,2016,6,8
Sanggau,Kabupaten,2016-07,2016,7,75
Sanggau,Kabupaten,2016-08,2016,8,1874
Sanggau,Kabupaten,2016-09,2016,9,610
Sanggau,Kabupaten,2016-10,2016,10,57
Sanggau,Kabupaten,2016-11,2016,11,8
Sanggau,Kabupaten,2016-12,2016,12,4
Sanggau,Kabupaten,2017-01,2017,1,5
Sanggau,Kabupaten,2017-02,2017,2,2
Sanggau,Kabupaten,2017-03,2017,3,0
Sanggau,Kabupaten,2017-04,2017,4,4
Sanggau,Kabupaten,2017-05,2017,5,4
Sanggau,Kabupaten,2017-06,2017,6,18
Sanggau,Kabupaten,2017-07,2017,7,278
Sanggau,Kabupaten,2017-08,2017,8,640
Sanggau,Kabupaten,2017-09,2017,9,874
Sanggau,Kabupaten,2017-10,2017,10,26
Sanggau,Kabupaten,2017-11,2017,11,1
Sanggau,Kabupaten,2017-12,2017,12,4
Sanggau,Kabupaten,2018-01,2018,1,3
Sanggau,Kabupaten,2018-02,2018,2,25
Sanggau,Kabupaten,2018-03,2018,3,2
Sanggau,Kabupaten,2018-04,2018,4,10
Sanggau,Kabupaten,2018-05,2018,5,6
Sanggau,Kabupaten,2018-06,2018,6,17
Sanggau,Kabupaten,2018-07,2018,7,413
Sanggau,Kabupaten,2018-08,2018,8,2683
Sanggau,Kabupaten,2018-09,2018,9,354
Sanggau,Kabupaten,2018-10,2018,10,13
Sanggau,Kabupaten,2018-11,2018,11,3
Sanggau,Kabupaten,2018-12,2018,12,0
Sanggau,Kabupaten,2019-01,2019,1,1
Sanggau,Kabupaten,2019-02,2019,2,1
Sanggau,Kabupaten,2019-03,2019,3,8
Sanggau,Kabupaten,2019-04,2019,4,3
Sanggau,Kabupaten,2019-05,2019,5,3
Sanggau,Kabupaten,2019-06,2019,6,8
Sanggau,Kabupaten,2019-07,2019,7,170
Sanggau,Kabupaten,2019-08,2019,8,1903
Sanggau,Kabupaten,2019-09,2019,9,678
Sanggau,Kabupaten,2019-10,2019,10,6
Sanggau,Kabupaten,2019-11,2019,11,6
Sanggau,Kabupaten,2019-12,2019,12,2
Sanggau,Kabupaten,2020-01,2020,1,3
Sanggau,Kabupaten,2020-02,2020,2,5
Sanggau,Kabupaten,2020-03,2020,3,4
Sanggau,Kabupaten,2020-04,2020,4,6
Sanggau,Kabupaten,2020-05,2020,5,6
Sanggau,Kabupaten,2020-06,2020,6,1
Sanggau,Kabupaten,2020-07,2020,7,10
Sanggau,Kabupaten,2020-08,2020,8,1415
Sanggau,Kabupaten,2020-09,2020,9,481
Sanggau,Kabupaten,2020-10,2020,10,101
Sanggau,Kabupaten,2020-11,2020,11,1
Sanggau,Kabupaten,2020-12,2020,12,0
Sanggau,Kabupaten,2021-01,2021,1,0
Sanggau,Kabupaten,2021-02,2021,2,12
Sanggau,Kabupaten,2021-03,2021,3,8
Sanggau,Kabupaten,2021-04,2021,4,13
Sanggau,Kabupaten,2021-05,2021,5,7
Sanggau,Kabupaten,2021-06,2021,6,10
Sanggau,Kabupaten,2021-07,2021,7,161
Sanggau,Kabupaten,2021-08,2021,8,604
Sanggau,Kabupaten,2021-09,2021,9,939
Sanggau,Kabupaten,2021-10,2021,10,133
Sanggau,Kabupaten,2021-11,2021,11,7
Sanggau,Kabupaten,2021-12,2021,12,5
Sanggau,Kabupaten,2022-01,2022,1,10
Sanggau,Kabupaten,2022-02,2022,2,14
Sanggau,Kabupaten,2022-03,2022,3,20
Sanggau,Kabupaten,2022-04,2022,4,24
Sanggau,Kabupaten,2022-05,2022,5,43
Sanggau,Kabupaten,2022-06,2022,6,28
Sanggau,Kabupaten,2022-07,2022,7,221
Sanggau,Kabupaten,2022-08,2022,8,770
Sanggau,Kabupaten,2022-09,2022,9,247
Sanggau,Kabupaten,2022-10,2022,10,13
Sanggau,Kabupaten,2022-11,2022,11,20
Sanggau,Kabupaten,2022-12,2022,12,9
Sanggau,Kabupaten,2023-01,2023,1,9
Sanggau,Kabupaten,2023-02,2023,2,17
Sanggau,Kabupaten,2023-03,2023,3,10
Sanggau,Kabupaten,2023-04,2023,4,56
Sanggau,Kabupaten,2023-05,2023,5,47
Sanggau,Kabupaten,2023-06,2023,6,66
Sanggau,Kabupaten,2023-07,2023,7,1240
Sanggau,Kabupaten,2023-08,2023,8,2492
Sanggau,Kabupaten,2023-09,2023,9,304
Sanggau,Kabupaten,2023-10,2023,10,25
Sanggau,Kabupaten,2023-11,2023,11,11
Sanggau,Kabupaten,2023-12,2023,12,4
Sanggau,Kabupaten,2024-01,2024,1,11
Sanggau,Kabupaten,2024-02,2024,2,3
Sanggau,Kabupaten,2024-03,2024,3,24
Sanggau,Kabupaten,2024-04,2024,4,7
Sanggau,Kabupaten,2024-05,2024,5,6
Sanggau,Kabupaten,2024-06,2024,6,24
Sanggau,Kabupaten,2024-07,2024,7,180
Sanggau,Kabupaten,2024-08,2024,8,500
Sanggau,Kabupaten,2024-09,2024,9,2205
Sanggau,Kabupaten,2024-10,2024,10,60
Sanggau,Kabupaten,2024-11,2024,11,5
Sanggau,Kabupaten,2024-12,2024,12,1
Sanggau,Kabupaten,2025-01,2025,1,1
Sanggau,Kabupaten,2025-02,2025,2,10
Sanggau,Kabupaten,2025-03,2025,3,2
Sanggau,Kabupaten,2025-04,2025,4,7
Sanggau,Kabupaten,2025-05,2025,5,47
Sanggau,Kabupaten,2025-06,2025,6,30
Sanggau,Kabupaten,2025-07,2025,7,1420
Sanggau,Kabupaten,2025-08,2025,8,2187
Sanggau,Kabupaten,2025-09,2025,9,1043
Sanggau,Kabupaten,2025-10,2025,10,32
Sanggau,Kabupaten,2025-11,2025,11,10
Sanggau,Kabupaten,2025-12,2025,12,10
Sanggau,Kabupaten,2026-01,2026,1,79
Sanggau,Kabupaten,2026-02,2026,2,6
Sanggau,Kabupaten,2026-03,2026,3,46
Sanggau,Kabupaten,2026-04,2026,4,17
Sanggau,Kabupaten,2026-05,2026,5,26
Sanggau,Kabupaten,2026-06,2026,6,33
Sanggau,Kabupaten,2026-07,2026,7,712
Sanggau,Kabupaten,2026-08,2026,8,3341
Sekadau,Kabupaten,2012-01,2012,1,0
Sekadau,Kabupaten,2012-02,2012,2,0
Sekadau,Kabupaten,2012-03,2012,3,0
Sekadau,Kabupaten,2012-04,2012,4,2
Sekadau,Kabupaten,2012-05,2012,5,2
Sekadau,Kabupaten,2012-06,2012,6,10
Sekadau,Kabupaten,2012-07,2012,7,2
Sekadau,Kabupaten,2012-08,2012,8,322
Sekadau,Kabupaten,2012-09,2012,9,961
Sekadau,Kabupaten,2012-10,2012,10,7
Sekadau,Kabupaten,2012-11,2012,11,3
Sekadau,Kabupaten,2012-12,2012,12,0
Sekadau,Kabupaten,2013-01,2013,1,16
Sekadau,Kabupaten,2013-02,2013,2,0
Sekadau,Kabupaten,2013-03,2013,3,2
Sekadau,Kabupaten,2013-04,2013,4,1
Sekadau,Kabupaten,2013-05,2013,5,0
Sekadau,Kabupaten,2013-06,2013,6,43
Sekadau,Kabupaten,2013-07,2013,7,10
Sekadau,Kabupaten,2013-08,2013,8,503
Sekadau,Kabupaten,2013-09,2013,9,794
Sekadau,Kabupaten,2013-10,2013,10,37
Sekadau,Kabupaten,2013-11,2013,11,1
Sekadau,Kabupaten,2013-12,2013,12,6
Sekadau,Kabupaten,2014-01,2014,1,6
Sekadau,Kabupaten,2014-02,2014,2,7
Sekadau,Kabupaten,2014-03,2014,3,1
Sekadau,Kabupaten,2014-04,2014,4,6
Sekadau,Kabupaten,2014-05,2014,5,8
Sekadau,Kabupaten,2014-06,2014,6,4
Sekadau,Kabupaten,2014-07,2014,7,201
Sekadau,Kabupaten,2014-08,2014,8,478
Sekadau,Kabupaten,2014-09,2014,9,759
Sekadau,Kabupaten,2014-10,2014,10,11
Sekadau,Kabupaten,2014-11,2014,11,3
Sekadau,Kabupaten,2014-12,2014,12,7
Sekadau,Kabupaten,2015-01,2015,1,1
Sekadau,Kabupaten,2015-02,2015,2,9
Sekadau,Kabupaten,2015-03,2015,3,9
Sekadau,Kabupaten,2015-04,2015,4,5
Sekadau,Kabupaten,2015-05,2015,5,5
Sekadau,Kabupaten,2015-06,2015,6,2
Sekadau,Kabupaten,2015-07,2015,7,98
Sekadau,Kabupaten,2015-08,2015,8,1224
Sekadau,Kabupaten,2015-09,2015,9,422
Sekadau,Kabupaten,2015-10,2015,10,39
Sekadau,Kabupaten,2015-11,2015,11,3
Sekadau,Kabupaten,2015-12,2015,12,2
Sekadau,Kabupaten,2016-01,2016,1,3
Sekadau,Kabupaten,2016-02,2016,2,0
Sekadau,Kabupaten,2016-03,2016,3,0
Sekadau,Kabupaten,2016-04,2016,4,3
Sekadau,Kabupaten,2016-05,2016,5,1
Sekadau,Kabupaten,2016-06,2016,6,1
Sekadau,Kabupaten,2016-07,2016,7,2
Sekadau,Kabupaten,2016-08,2016,8,343
Sekadau,Kabupaten,2016-09,2016,9,1016
Sekadau,Kabupaten,2016-10,2016,10,54
Sekadau,Kabupaten,2016-11,2016,11,5
Sekadau,Kabupaten,2016-12,2016,12,0
Sekadau,Kabupaten,2017-01,2017,1,1
Sekadau,Kabupaten,2017-02,2017,2,1
Sekadau,Kabupaten,2017-03,2017,3,3
Sekadau,Kabupaten,2017-04,2017,4,3
Sekadau,Kabupaten,2017-05,2017,5,1
Sekadau,Kabupaten,2017-06,2017,6,1
Sekadau,Kabupaten,2017-07,2017,7,18
Sekadau,Kabupaten,2017-08,2017,8,76
Sekadau,Kabupaten,2017-09,2017,9,457
Sekadau,Kabupaten,2017-10,2017,10,30
Sekadau,Kabupaten,2017-11,2017,11,0
Sekadau,Kabupaten,2017-12,2017,12,0
Sekadau,Kabupaten,2018-01,2018,1,0
Sekadau,Kabupaten,2018-02,2018,2,6
Sekadau,Kabupaten,2018-03,2018,3,0
Sekadau,Kabupaten,2018-04,2018,4,4
Sekadau,Kabupaten,2018-05,2018,5,1
Sekadau,Kabupaten,2018-06,2018,6,2
Sekadau,Kabupaten,2018-07,2018,7,52
Sekadau,Kabupaten,2018-08,2018,8,661
Sekadau,Kabupaten,2018-09,2018,9,538
Sekadau,Kabupaten,2018-10,2018,10,10
Sekadau,Kabupaten,2018-11,2018,11,0
Sekadau,Kabupaten,2018-12,2018,12,0
Sekadau,Kabupaten,2019-01,2019,1,2
Sekadau,Kabupaten,2019-02,2019,2,0
Sekadau,Kabupaten,2019-03,2019,3,0
Sekadau,Kabupaten,2019-04,2019,4,0
Sekadau,Kabupaten,2019-05,2019,5,2
Sekadau,Kabupaten,2019-06,2019,6,1
Sekadau,Kabupaten,2019-07,2019,7,2
Sekadau,Kabupaten,2019-08,2019,8,287
Sekadau,Kabupaten,2019-09,2019,9,447
Sekadau,Kabupaten,2019-10,2019,10,23
Sekadau,Kabupaten,2019-11,2019,11,4
Sekadau,Kabupaten,2019-12,2019,12,2
Sekadau,Kabupaten,2020-01,2020,1,1
Sekadau,Kabupaten,2020-02,2020,2,2
Sekadau,Kabupaten,2020-03,2020,3,1
Sekadau,Kabupaten,2020-04,2020,4,1
Sekadau,Kabupaten,2020-05,2020,5,0
Sekadau,Kabupaten,2020-06,2020,6,3
Sekadau,Kabupaten,2020-07,2020,7,0
Sekadau,Kabupaten,2020-08,2020,8,188
Sekadau,Kabupaten,2020-09,2020,9,391
Sekadau,Kabupaten,2020-10,2020,10,103
Sekadau,Kabupaten,2020-11,2020,11,0
Sekadau,Kabupaten,2020-12,2020,12,0
Sekadau,Kabupaten,2021-01,2021,1,0
Sekadau,Kabupaten,2021-02,2021,2,2
Sekadau,Kabupaten,2021-03,2021,3,0
Sekadau,Kabupaten,2021-04,2021,4,0
Sekadau,Kabupaten,2021-05,2021,5,2
Sekadau,Kabupaten,2021-06,2021,6,0
Sekadau,Kabupaten,2021-07,2021,7,39
Sekadau,Kabupaten,2021-08,2021,8,30
Sekadau,Kabupaten,2021-09,2021,9,731
Sekadau,Kabupaten,2021-10,2021,10,115
Sekadau,Kabupaten,2021-11,2021,11,0
Sekadau,Kabupaten,2021-12,2021,12,2
Sekadau,Kabupaten,2022-01,2022,1,3
Sekadau,Kabupaten,2022-02,2022,2,1
Sekadau,Kabupaten,2022-03,2022,3,7
Sekadau,Kabupaten,2022-04,2022,4,4
Sekadau,Kabupaten,2022-05,2022,5,10
Sekadau,Kabupaten,2022-06,2022,6,5
Sekadau,Kabupaten,2022-07,2022,7,45
Sekadau,Kabupaten,2022-08,2022,8,361
Sekadau,Kabupaten,2022-09,2022,9,151
Sekadau,Kabupaten,2022-10,2022,10,27
Sekadau,Kabupaten,2022-11,2022,11,1
Sekadau,Kabupaten,2022-12,2022,12,3
Sekadau,Kabupaten,2023-01,2023,1,4
Sekadau,Kabupaten,2023-02,2023,2,3
Sekadau,Kabupaten,2023-03,2023,3,6
Sekadau,Kabupaten,2023-04,2023,4,12
Sekadau,Kabupaten,2023-05,2023,5,7
Sekadau,Kabupaten,2023-06,2023,6,12
Sekadau,Kabupaten,2023-07,2023,7,318
Sekadau,Kabupaten,2023-08,2023,8,848
Sekadau,Kabupaten,2023-09,2023,9,290
Sekadau,Kabupaten,2023-10,2023,10,24
Sekadau,Kabupaten,2023-11,2023,11,7
Sekadau,Kabupaten,2023-12,2023,12,7
Sekadau,Kabupaten,2024-01,2024,1,2
Sekadau,Kabupaten,2024-02,2024,2,4
Sekadau,Kabupaten,2024-03,2024,3,8
Sekadau,Kabupaten,2024-04,2024,4,3
Sekadau,Kabupaten,2024-05,2024,5,4
Sekadau,Kabupaten,2024-06,2024,6,1
Sekadau,Kabupaten,2024-07,2024,7,47
Sekadau,Kabupaten,2024-08,2024,8,214
Sekadau,Kabupaten,2024-09,2024,9,1082
Sekadau,Kabupaten,2024-10,2024,10,34
Sekadau,Kabupaten,2024-11,2024,11,1
Sekadau,Kabupaten,2024-12,2024,12,4
Sekadau,Kabupaten,2025-01,2025,1,0
Sekadau,Kabupaten,2025-02,2025,2,0
Sekadau,Kabupaten,2025-03,2025,3,1
Sekadau,Kabupaten,2025-04,2025,4,2
Sekadau,Kabupaten,2025-05,2025,5,4
Sekadau,Kabupaten,2025-06,2025,6,4
Sekadau,Kabupaten,2025-07,2025,7,171
Sekadau,Kabupaten,2025-08,2025,8,601
Sekadau,Kabupaten,2025-09,2025,9,1404
Sekadau,Kabupaten,2025-10,2025,10,20
Sekadau,Kabupaten,2025-11,2025,11,4
Sekadau,Kabupaten,2025-12,2025,12,3
Sekadau,Kabupaten,2026-01,2026,1,18
Sekadau,Kabupaten,2026-02,2026,2,6
Sekadau,Kabupaten,2026-03,2026,3,11
Sekadau,Kabupaten,2026-04,2026,4,4
Sekadau,Kabupaten,2026-05,2026,5,4
Sekadau,Kabupaten,2026-06,2026,6,11
Sekadau,Kabupaten,2026-07,2026,7,160
Sekadau,Kabupaten,2026-08,2026,8,950
Singkawang,Kota,2012-01,2012,1,0
Singkawang,Kota,2012-02,2012,2,0
Singkawang,Kota,2012-03,2012,3,1
Singkawang,Kota,2012-04,2012,4,5
Singkawang,Kota,2012-05,2012,5,7
Singkawang,Kota,2012-06,2012,6,60
Singkawang,Kota,2012-07,2012,7,3
Singkawang,Kota,2012-08,2012,8,27
Singkawang,Kota,2012-09,2012,9,13
Singkawang,Kota,2012-10,2012,10,15
Singkawang,Kota,2012-11,2012,11,1
Singkawang,Kota,2012-12,2012,12,0
Singkawang,Kota,2013-01,2013,1,7
Singkawang,Kota,2013-02,2013,2,3
Singkawang,Kota,2013-03,2013,3,29
Singkawang,Kota,2013-04,2013,4,6
Singkawang,Kota,2013-05,2013,5,1
Singkawang,Kota,2013-06,2013,6,27
Singkawang,Kota,2013-07,2013,7,1
Singkawang,Kota,2013-08,2013,8,5
Singkawang,Kota,2013-09,2013,9,4
Singkawang,Kota,2013-10,2013,10,2
Singkawang,Kota,2013-11,2013,11,1
Singkawang,Kota,2013-12,2013,12,0
Singkawang,Kota,2014-01,2014,1,43
Singkawang,Kota,2014-02,2014,2,41
Singkawang,Kota,2014-03,2014,3,36
Singkawang,Kota,2014-04,2014,4,4
Singkawang,Kota,2014-05,2014,5,1
Singkawang,Kota,2014-06,2014,6,7
Singkawang,Kota,2014-07,2014,7,233
Singkawang,Kota,2014-08,2014,8,13
Singkawang,Kota,2014-09,2014,9,1
Singkawang,Kota,2014-10,2014,10,4
Singkawang,Kota,2014-11,2014,11,0
Singkawang,Kota,2014-12,2014,12,0
Singkawang,Kota,2015-01,2015,1,0
Singkawang,Kota,2015-02,2015,2,2
Singkawang,Kota,2015-03,2015,3,2
Singkawang,Kota,2015-04,2015,4,0
Singkawang,Kota,2015-05,2015,5,2
Singkawang,Kota,2015-06,2015,6,3
Singkawang,Kota,2015-07,2015,7,5
Singkawang,Kota,2015-08,2015,8,15
Singkawang,Kota,2015-09,2015,9,4
Singkawang,Kota,2015-10,2015,10,0
Singkawang,Kota,2015-11,2015,11,0
Singkawang,Kota,2015-12,2015,12,3
Singkawang,Kota,2016-01,2016,1,0
Singkawang,Kota,2016-02,2016,2,0
Singkawang,Kota,2016-03,2016,3,0
Singkawang,Kota,2016-04,2016,4,1
Singkawang,Kota,2016-05,2016,5,0
Singkawang,Kota,2016-06,2016,6,2
Singkawang,Kota,2016-07,2016,7,5
Singkawang,Kota,2016-08,2016,8,16
Singkawang,Kota,2016-09,2016,9,7
Singkawang,Kota,2016-10,2016,10,1
Singkawang,Kota,2016-11,2016,11,0
Singkawang,Kota,2016-12,2016,12,2
Singkawang,Kota,2017-01,2017,1,3
Singkawang,Kota,2017-02,2017,2,2
Singkawang,Kota,2017-03,2017,3,0
Singkawang,Kota,2017-04,2017,4,2
Singkawang,Kota,2017-05,2017,5,0
Singkawang,Kota,2017-06,2017,6,2
Singkawang,Kota,2017-07,2017,7,1
Singkawang,Kota,2017-08,2017,8,1
Singkawang,Kota,2017-09,2017,9,0
Singkawang,Kota,2017-10,2017,10,2
Singkawang,Kota,2017-11,2017,11,0
Singkawang,Kota,2017-12,2017,12,2
Singkawang,Kota,2018-01,2018,1,0
Singkawang,Kota,2018-02,2018,2,2
Singkawang,Kota,2018-03,2018,3,3
Singkawang,Kota,2018-04,2018,4,2
Singkawang,Kota,2018-05,2018,5,0
Singkawang,Kota,2018-06,2018,6,0
Singkawang,Kota,2018-07,2018,7,0
Singkawang,Kota,2018-08,2018,8,59
Singkawang,Kota,2018-09,2018,9,4
Singkawang,Kota,2018-10,2018,10,1
Singkawang,Kota,2018-11,2018,11,1
Singkawang,Kota,2018-12,2018,12,0
Singkawang,Kota,2019-01,2019,1,1
Singkawang,Kota,2019-02,2019,2,0
Singkawang,Kota,2019-03,2019,3,83
Singkawang,Kota,2019-04,2019,4,3
Singkawang,Kota,2019-05,2019,5,0
Singkawang,Kota,2019-06,2019,6,0
Singkawang,Kota,2019-07,2019,7,6
Singkawang,Kota,2019-08,2019,8,28
Singkawang,Kota,2019-09,2019,9,49
Singkawang,Kota,2019-10,2019,10,0
Singkawang,Kota,2019-11,2019,11,0
Singkawang,Kota,2019-12,2019,12,0
Singkawang,Kota,2020-01,2020,1,0
Singkawang,Kota,2020-02,2020,2,0
Singkawang,Kota,2020-03,2020,3,0
Singkawang,Kota,2020-04,2020,4,1
Singkawang,Kota,2020-05,2020,5,0
Singkawang,Kota,2020-06,2020,6,0
Singkawang,Kota,2020-07,2020,7,0
Singkawang,Kota,2020-08,2020,8,0
Singkawang,Kota,2020-09,2020,9,0
Singkawang,Kota,2020-10,2020,10,0
Singkawang,Kota,2020-11,2020,11,0
Singkawang,Kota,2020-12,2020,12,0
Singkawang,Kota,2021-01,2021,1,0
Singkawang,Kota,2021-02,2021,2,1
Singkawang,Kota,2021-03,2021,3,0
Singkawang,Kota,2021-04,2021,4,3
Singkawang,Kota,2021-05,2021,5,0
Singkawang,Kota,2021-06,2021,6,0
Singkawang,Kota,2021-07,2021,7,3
Singkawang,Kota,2021-08,2021,8,0
Singkawang,Kota,2021-09,2021,9,0
Singkawang,Kota,2021-10,2021,10,0
Singkawang,Kota,2021-11,2021,11,0
Singkawang,Kota,2021-12,2021,12,0
Singkawang,Kota,2022-01,2022,1,0
Singkawang,Kota,2022-02,2022,2,0
Singkawang,Kota,2022-03,2022,3,6
Singkawang,Kota,2022-04,2022,4,20
Singkawang,Kota,2022-05,2022,5,1
Singkawang,Kota,2022-06,2022,6,0
Singkawang,Kota,2022-07,2022,7,3
Singkawang,Kota,2022-08,2022,8,0
Singkawang,Kota,2022-09,2022,9,1
Singkawang,Kota,2022-10,2022,10,0
Singkawang,Kota,2022-11,2022,11,0
Singkawang,Kota,2022-12,2022,12,0
Singkawang,Kota,2023-01,2023,1,0
Singkawang,Kota,2023-02,2023,2,1
Singkawang,Kota,2023-03,2023,3,0
Singkawang,Kota,2023-04,2023,4,3
Singkawang,Kota,2023-05,2023,5,2
Singkawang,Kota,2023-06,2023,6,3
Singkawang,Kota,2023-07,2023,7,5
Singkawang,Kota,2023-08,2023,8,9
Singkawang,Kota,2023-09,2023,9,45
Singkawang,Kota,2023-10,2023,10,1
Singkawang,Kota,2023-11,2023,11,0
Singkawang,Kota,2023-12,2023,12,0
Singkawang,Kota,2024-01,2024,1,0
Singkawang,Kota,2024-02,2024,2,0
Singkawang,Kota,2024-03,2024,3,1
Singkawang,Kota,2024-04,2024,4,0
Singkawang,Kota,2024-05,2024,5,0
Singkawang,Kota,2024-06,2024,6,1
Singkawang,Kota,2024-07,2024,7,6
Singkawang,Kota,2024-08,2024,8,0
Singkawang,Kota,2024-09,2024,9,1
Singkawang,Kota,2024-10,2024,10,11
Singkawang,Kota,2024-11,2024,11,1
Singkawang,Kota,2024-12,2024,12,0
Singkawang,Kota,2025-01,2025,1,0
Singkawang,Kota,2025-02,2025,2,2
Singkawang,Kota,2025-03,2025,3,0
Singkawang,Kota,2025-04,2025,4,0
Singkawang,Kota,2025-05,2025,5,1
Singkawang,Kota,2025-06,2025,6,2
Singkawang,Kota,2025-07,2025,7,9
Singkawang,Kota,2025-08,2025,8,1
Singkawang,Kota,2025-09,2025,9,1
Singkawang,Kota,2025-10,2025,10,0
Singkawang,Kota,2025-11,2025,11,0
Singkawang,Kota,2025-12,2025,12,0
Singkawang,Kota,2026-01,2026,1,2
Singkawang,Kota,2026-02,2026,2,3
Singkawang,Kota,2026-03,2026,3,6
Singkawang,Kota,2026-04,2026,4,45
Singkawang,Kota,2026-05,2026,5,0
Singkawang,Kota,2026-06,2026,6,0
Singkawang,Kota,2026-07,2026,7,1
Singkawang,Kota,2026-08,2026,8,22
Sintang,Kabupaten,2012-01,2012,1,2
Sintang,Kabupaten,2012-02,2012,2,4
Sintang,Kabupaten,2012-03,2012,3,9
Sintang,Kabupaten,2012-04,2012,4,9
Sintang,Kabupaten,2012-05,2012,5,31
Sintang,Kabupaten,2012-06,2012,6,53
Sintang,Kabupaten,2012-07,2012,7,122
Sintang,Kabupaten,2012-08,2012,8,1310
Sintang,Kabupaten,2012-09,2012,9,2075
Sintang,Kabupaten,2012-10,2012,10,44
Sintang,Kabupaten,2012-11,2012,11,6
Sintang,Kabupaten,2012-12,2012,12,3
Sintang,Kabupaten,2013-01,2013,1,35
Sintang,Kabupaten,2013-02,2013,2,1
Sintang,Kabupaten,2013-03,2013,3,19
Sintang,Kabupaten,2013-04,2013,4,4
Sintang,Kabupaten,2013-05,2013,5,2
Sintang,Kabupaten,2013-06,2013,6,63
Sintang,Kabupaten,2013-07,2013,7,27
Sintang,Kabupaten,2013-08,2013,8,988
Sintang,Kabupaten,2013-09,2013,9,1554
Sintang,Kabupaten,2013-10,2013,10,236
Sintang,Kabupaten,2013-11,2013,11,4
Sintang,Kabupaten,2013-12,2013,12,4
Sintang,Kabupaten,2014-01,2014,1,34
Sintang,Kabupaten,2014-02,2014,2,116
Sintang,Kabupaten,2014-03,2014,3,29
Sintang,Kabupaten,2014-04,2014,4,19
Sintang,Kabupaten,2014-05,2014,5,12
Sintang,Kabupaten,2014-06,2014,6,28
Sintang,Kabupaten,2014-07,2014,7,1783
Sintang,Kabupaten,2014-08,2014,8,1067
Sintang,Kabupaten,2014-09,2014,9,878
Sintang,Kabupaten,2014-10,2014,10,50
Sintang,Kabupaten,2014-11,2014,11,12
Sintang,Kabupaten,2014-12,2014,12,5
Sintang,Kabupaten,2015-01,2015,1,2
Sintang,Kabupaten,2015-02,2015,2,3
Sintang,Kabupaten,2015-03,2015,3,8
Sintang,Kabupaten,2015-04,2015,4,11
Sintang,Kabupaten,2015-05,2015,5,8
Sintang,Kabupaten,2015-06,2015,6,22
Sintang,Kabupaten,2015-07,2015,7,260
Sintang,Kabupaten,2015-08,2015,8,2934
Sintang,Kabupaten,2015-09,2015,9,1933
Sintang,Kabupaten,2015-10,2015,10,66
Sintang,Kabupaten,2015-11,2015,11,3
Sintang,Kabupaten,2015-12,2015,12,15
Sintang,Kabupaten,2016-01,2016,1,1
Sintang,Kabupaten,2016-02,2016,2,1
Sintang,Kabupaten,2016-03,2016,3,5
Sintang,Kabupaten,2016-04,2016,4,4
Sintang,Kabupaten,2016-05,2016,5,6
Sintang,Kabupaten,2016-06,2016,6,6
Sintang,Kabupaten,2016-07,2016,7,36
Sintang,Kabupaten,2016-08,2016,8,715
Sintang,Kabupaten,2016-09,2016,9,1147
Sintang,Kabupaten,2016-10,2016,10,260
Sintang,Kabupaten,2016-11,2016,11,3
Sintang,Kabupaten,2016-12,2016,12,2
Sintang,Kabupaten,2017-01,2017,1,2
Sintang,Kabupaten,2017-02,2017,2,2
Sintang,Kabupaten,2017-03,2017,3,3
Sintang,Kabupaten,2017-04,2017,4,4
Sintang,Kabupaten,2017-05,2017,5,9
Sintang,Kabupaten,2017-06,2017,6,6
Sintang,Kabupaten,2017-07,2017,7,177
Sintang,Kabupaten,2017-08,2017,8,165
Sintang,Kabupaten,2017-09,2017,9,746
Sintang,Kabupaten,2017-10,2017,10,98
Sintang,Kabupaten,2017-11,2017,11,3
Sintang,Kabupaten,2017-12,2017,12,3
Sintang,Kabupaten,2018-01,2018,1,0
Sintang,Kabupaten,2018-02,2018,2,8
Sintang,Kabupaten,2018-03,2018,3,2
Sintang,Kabupaten,2018-04,2018,4,3
Sintang,Kabupaten,2018-05,2018,5,5
Sintang,Kabupaten,2018-06,2018,6,24
Sintang,Kabupaten,2018-07,2018,7,346
Sintang,Kabupaten,2018-08,2018,8,1562
Sintang,Kabupaten,2018-09,2018,9,558
Sintang,Kabupaten,2018-10,2018,10,31
Sintang,Kabupaten,2018-11,2018,11,0
Sintang,Kabupaten,2018-12,2018,12,1
Sintang,Kabupaten,2019-01,2019,1,1
Sintang,Kabupaten,2019-02,2019,2,3
Sintang,Kabupaten,2019-03,2019,3,4
Sintang,Kabupaten,2019-04,2019,4,0
Sintang,Kabupaten,2019-05,2019,5,7
Sintang,Kabupaten,2019-06,2019,6,4
Sintang,Kabupaten,2019-07,2019,7,57
Sintang,Kabupaten,2019-08,2019,8,956
Sintang,Kabupaten,2019-09,2019,9,1413
Sintang,Kabupaten,2019-10,2019,10,82
Sintang,Kabupaten,2019-11,2019,11,10
Sintang,Kabupaten,2019-12,2019,12,0
Sintang,Kabupaten,2020-01,2020,1,2
Sintang,Kabupaten,2020-02,2020,2,1
Sintang,Kabupaten,2020-03,2020,3,2
Sintang,Kabupaten,2020-04,2020,4,5
Sintang,Kabupaten,2020-05,2020,5,6
Sintang,Kabupaten,2020-06,2020,6,3
Sintang,Kabupaten,2020-07,2020,7,9
Sintang,Kabupaten,2020-08,2020,8,224
Sintang,Kabupaten,2020-09,2020,9,458
Sintang,Kabupaten,2020-10,2020,10,630
Sintang,Kabupaten,2020-11,2020,11,11
Sintang,Kabupaten,2020-12,2020,12,2
Sintang,Kabupaten,2021-01,2021,1,1
Sintang,Kabupaten,2021-02,2021,2,11
Sintang,Kabupaten,2021-03,2021,3,1
Sintang,Kabupaten,2021-04,2021,4,11
Sintang,Kabupaten,2021-05,2021,5,3
Sintang,Kabupaten,2021-06,2021,6,12
Sintang,Kabupaten,2021-07,2021,7,232
Sintang,Kabupaten,2021-08,2021,8,153
Sintang,Kabupaten,2021-09,2021,9,612
Sintang,Kabupaten,2021-10,2021,10,387
Sintang,Kabupaten,2021-11,2021,11,9
Sintang,Kabupaten,2021-12,2021,12,9
Sintang,Kabupaten,2022-01,2022,1,5
Sintang,Kabupaten,2022-02,2022,2,10
Sintang,Kabupaten,2022-03,2022,3,12
Sintang,Kabupaten,2022-04,2022,4,8
Sintang,Kabupaten,2022-05,2022,5,20
Sintang,Kabupaten,2022-06,2022,6,11
Sintang,Kabupaten,2022-07,2022,7,112
Sintang,Kabupaten,2022-08,2022,8,526
Sintang,Kabupaten,2022-09,2022,9,268
Sintang,Kabupaten,2022-10,2022,10,45
Sintang,Kabupaten,2022-11,2022,11,10
Sintang,Kabupaten,2022-12,2022,12,8
Sintang,Kabupaten,2023-01,2023,1,13
Sintang,Kabupaten,2023-02,2023,2,8
Sintang,Kabupaten,2023-03,2023,3,5
Sintang,Kabupaten,2023-04,2023,4,32
Sintang,Kabupaten,2023-05,2023,5,17
Sintang,Kabupaten,2023-06,2023,6,61
Sintang,Kabupaten,2023-07,2023,7,626
Sintang,Kabupaten,2023-08,2023,8,1241
Sintang,Kabupaten,2023-09,2023,9,344
Sintang,Kabupaten,2023-10,2023,10,30
Sintang,Kabupaten,2023-11,2023,11,5
Sintang,Kabupaten,2023-12,2023,12,11
Sintang,Kabupaten,2024-01,2024,1,1
Sintang,Kabupaten,2024-02,2024,2,2
Sintang,Kabupaten,2024-03,2024,3,9
Sintang,Kabupaten,2024-04,2024,4,3
Sintang,Kabupaten,2024-05,2024,5,3
Sintang,Kabupaten,2024-06,2024,6,7
Sintang,Kabupaten,2024-07,2024,7,24
Sintang,Kabupaten,2024-08,2024,8,191
Sintang,Kabupaten,2024-09,2024,9,1790
Sintang,Kabupaten,2024-10,2024,10,53
Sintang,Kabupaten,2024-11,2024,11,5
Sintang,Kabupaten,2024-12,2024,12,1
Sintang,Kabupaten,2025-01,2025,1,0
Sintang,Kabupaten,2025-02,2025,2,0
Sintang,Kabupaten,2025-03,2025,3,2
Sintang,Kabupaten,2025-04,2025,4,8
Sintang,Kabupaten,2025-05,2025,5,20
Sintang,Kabupaten,2025-06,2025,6,9
Sintang,Kabupaten,2025-07,2025,7,377
Sintang,Kabupaten,2025-08,2025,8,677
Sintang,Kabupaten,2025-09,2025,9,1628
Sintang,Kabupaten,2025-10,2025,10,42
Sintang,Kabupaten,2025-11,2025,11,13
Sintang,Kabupaten,2025-12,2025,12,0
Sintang,Kabupaten,2026-01,2026,1,29
Sintang,Kabupaten,2026-02,2026,2,3
Sintang,Kabupaten,2026-03,2026,3,14
Sintang,Kabupaten,2026-04,2026,4,3
Sintang,Kabupaten,2026-05,2026,5,8
Sintang,Kabupaten,2026-06,2026,6,23
Sintang,Kabupaten,2026-07,2026,7,209
Sintang,Kabupaten,2026-08,2026,8,1650
